date,Score_Momentum,Score_Strength,Score_Oscillator,Score_PC,Score_VKOSPI,Score_SafeHaven,Score_Junk,FGI
2023-01-02,55.26982308,16.66666666666668,7.250341997264022,73.05061559507524,45.55403556771546,2.4623803009575895,1.407129455909939,28.80871323765556
2023-01-03,55.12415033,37.50000000000001,10.259917920656635,16.005471956224348,44.87004103967168,2.735978112175108,1.407129455909939,23.986098402091102
2023-01-04,65.14211885,75.0,24.076607387140903,59.37072503419974,52.39398084815321,9.71272229822161,1.407129455909939,41.01475483908934
2023-01-05,68.10736755,58.333333333333336,29.82216142270862,55.12995896032832,56.771545827633375,13.679890560875519,1.407129455909939,40.46448387296987
2023-01-06,73.82796237,79.16666666666666,41.86046511627907,69.76744186046511,58.276333789329684,19.42544459644323,1.407129455909939,49.1044919792991
2023-01-07,73.82796237,79.16666666666666,41.86046511627907,69.76744186046511,58.276333789329684,19.42544459644323,1.407129455909939,49.1044919792991
2023-01-08,73.82796237,79.16666666666666,41.86046511627907,69.76744186046511,58.276333789329684,19.42544459644323,1.407129455909939,49.1044919792991
2023-01-09,86.40148484,87.5,56.771545827633375,97.81121751025992,48.70041039671683,27.496580027359784,1.407129455909939,58.01262400826855
2023-01-10,86.20089964,79.16666666666666,54.85636114911081,94.11764705882352,51.641586867305065,33.926128590971274,1.407129455909939,57.33091706125533
2023-01-11,87.38252005,79.16666666666666,57.865937072503414,64.02188782489739,55.12995896032832,32.83173734610123,1.407129455909939,53.972262482343865
2023-01-12,87.82474692,83.33333333333334,61.2859097127223,66.07387140902873,49.658002735978116,26.402188782489745,1.407129455909939,53.71216890706604
2023-01-13,92.44931023,83.33333333333334,74.55540355677155,52.25718194254446,64.97948016415869,48.70041039671683,1.407129455909939,59.668892725633555
2023-01-14,92.44931023,83.33333333333334,74.55540355677155,52.25718194254446,64.97948016415869,48.70041039671683,1.407129455909939,59.668892725633555
2023-01-15,92.44931023,83.33333333333334,74.55540355677155,52.25718194254446,64.97948016415869,48.70041039671683,1.407129455909939,59.668892725633555
2023-01-16,95.84537022,100.0,72.36662106703147,30.23255813953488,69.28864569083447,58.82352941176471,1.407129455909939,61.137693426439355
2023-01-17,92.33215032,84.00000000000001,67.16826265389876,44.04924760601915,69.69904240766074,55.12995896032832,1.407129455909939,59.112255914830996
2023-01-18,89.52274871,84.00000000000001,53.3515731874145,51.70998632010944,71.27222982216142,44.73324213406292,1.407129455909939,56.57098708995118
2023-01-19,92.47630696,84.00000000000001,47.60601915184679,68.12585499316006,69.08344733242133,50.752393980848154,1.407129455909939,59.064450267740895
2023-01-20,95.25292226,92.0,56.0875512995896,52.667578659370726,70.99863201094392,47.195622435020525,1.407129455909939,59.37277658869068
2023-01-21,95.25292226,92.0,56.0875512995896,52.667578659370726,70.99863201094392,47.195622435020525,1.407129455909939,59.37277658869068
2023-01-22,95.25292226,92.0,56.0875512995896,52.667578659370726,70.99863201094392,47.195622435020525,1.407129455909939,59.37277658869068
2023-01-23,95.25292226,92.0,56.0875512995896,52.667578659370726,70.99863201094392,47.195622435020525,1.407129455909939,59.37277658869068
2023-01-24,95.25292226,92.0,56.0875512995896,52.667578659370726,70.99863201094392,47.195622435020525,1.407129455909939,59.37277658869068
2023-01-25,100.0,96.0,70.04103967168263,5.061559507523938,70.10943912448701,70.7250341997264,1.407129455909939,59.049171708475704
2023-01-26,100.0,96.0,83.17373461012312,41.313269493844054,74.55540355677155,77.01778385772914,1.407129455909939,67.6381887106254
2023-01-27,100.0,92.0,90.42407660738714,96.16963064295486,69.49384404924761,79.06976744186046,1.407129455909939,75.50920688533715
2023-01-28,100.0,92.0,90.42407660738714,96.16963064295486,69.49384404924761,79.06976744186046,1.407129455909939,75.50920688533715
2023-01-29,100.0,92.0,90.42407660738714,96.16963064295486,69.49384404924761,79.06976744186046,1.407129455909939,75.50920688533715
2023-01-30,92.80171757,88.0,74.6922024623803,82.48974008207935,62.653898768809846,81.1217510259918,1.407129455909939,69.02377705216732
2023-01-31,85.54717351,96.0,80.98495212038304,75.37619699042408,58.13953488372092,82.48974008207935,1.407129455909939,68.56353243464534
2023-02-01,90.87418419,92.0,91.92886456908344,53.898768809849514,60.601915184678525,86.73050615595075,32.87992495309568,72.70202340895113
2023-02-02,94.56185098,76.0,96.71682626538988,50.06839945280438,67.16826265389876,89.46648426812585,32.87992495309568,72.40882122475922
2023-02-03,97.12110464,80.0,90.15047879616964,79.20656634746922,67.85225718194255,85.3625170998632,32.87992495309568,76.08183557407719
2023-02-04,97.12110464,80.0,90.15047879616964,79.20656634746922,67.85225718194255,85.3625170998632,32.87992495309568,76.08183557407719
2023-02-05,97.12110464,80.0,90.15047879616964,79.20656634746922,67.85225718194255,85.3625170998632,32.87992495309568,76.08183557407719
2023-02-06,87.68671816,72.0,80.02735978112176,85.22571819425444,60.46511627906976,76.47058823529412,32.87992495309568,70.67934651469082
2023-02-07,90.06124288,72.0,69.22024623803009,51.57318741450068,63.47469220246238,72.77701778385773,32.87992495309568,64.56947306742094
2023-02-08,96.93768647,84.00000000000001,76.74418604651163,62.7906976744186,61.42270861833106,70.86183310533517,32.87992495309568,69.37671955252745
2023-02-09,95.97758371,80.0,84.26812585499316,85.63611491108071,55.95075239398084,70.04103967168263,32.87992495309568,72.10764878497613
2023-02-10,94.39224038,84.00000000000001,77.01778385772914,15.184678522571815,60.80711354309165,68.80984952120383,32.87992495309568,61.870227253956024
2023-02-11,94.39224038,84.00000000000001,77.01778385772914,15.184678522571815,60.80711354309165,68.80984952120383,32.87992495309568,61.870227253956024
2023-02-12,94.39224038,84.00000000000001,77.01778385772914,15.184678522571815,60.80711354309165,68.80984952120383,32.87992495309568,61.870227253956024
2023-02-13,91.80198593,84.00000000000001,77.83857729138167,33.378932968536255,51.23119015047879,65.38987688098496,32.87992495309568,62.36006973921105
2023-02-14,94.19303037,84.00000000000001,71.68262653898769,50.752393980848154,48.15321477428181,64.29548563611492,32.87992495309568,63.70809660761832
2023-02-15,86.93383403,68.0,36.25170998632011,80.43775649794802,52.25718194254446,43.63885088919288,32.87992495309568,57.19989404272874
2023-02-16,95.26314884,92.0,51.70998632010944,80.98495212038304,56.90834473324213,64.56908344733242,32.87992495309568,67.75934863059466
2023-02-17,90.88087446,80.0,57.3187414500684,28.31737346101231,51.23119015047879,69.76744186046511,32.87992495309568,58.62793519073147
2023-02-18,90.88087446,80.0,57.3187414500684,28.31737346101231,51.23119015047879,69.76744186046511,32.87992495309568,58.62793519073147
2023-02-19,90.88087446,80.0,57.3187414500684,28.31737346101231,51.23119015047879,69.76744186046511,32.87992495309568,58.62793519073147
2023-02-20,92.31972392,88.0,62.106703146374834,65.5266757865937,47.332421340629274,72.50341997264023,32.87992495309568,65.80983844561909
2023-02-21,92.06575878,88.0,74.4186046511628,21.751025991792062,45.280437756497946,66.21067031463748,32.87992495309568,60.08663177816942
2023-02-22,84.55446856,68.0,46.92202462380301,66.75786593707251,41.03967168262655,39.53488372093024,32.87992495309568,54.241262782503995
2023-02-23,89.27015102,96.0,54.719562243502054,69.22024623803009,44.73324213406292,34.4733242134063,32.87992495309568,60.18520725744243
2023-02-24,85.92754986,88.0,36.11491108071135,51.84678522571819,46.0328317373461,19.15184678522572,32.87992495309568,51.42197852029957
2023-02-25,85.92754986,88.0,36.11491108071135,51.84678522571819,46.0328317373461,19.15184678522572,32.87992495309568,51.42197852029957
2023-02-26,85.92754986,88.0,36.11491108071135,51.84678522571819,46.0328317373461,19.15184678522572,32.87992495309568,51.42197852029957
2023-02-27,81.98322027,60.0,21.3406292749658,45.827633378932966,42.47606019151847,27.633378932968533,32.87992495309568,44.59154957164021
2023-02-28,83.2422636,72.0,34.06292749658002,48.70041039671683,48.01641586867304,50.20519835841313,32.87992495309568,52.72959152478267
2023-03-01,83.2422636,72.0,34.06292749658002,48.70041039671683,48.01641586867304,50.20519835841313,35.64727954971857,53.124927895728796
2023-03-02,85.2137562,80.0,41.313269493844054,61.42270861833106,50.13679890560876,47.60601915184679,35.64727954971857,57.33426170276418
2023-03-03,85.38248373,80.0,29.958960328317374,38.98768809849521,58.686730506155946,38.57729138166894,35.64727954971857,52.462919084908
2023-03-04,85.38248373,80.0,29.958960328317374,38.98768809849521,58.686730506155946,38.57729138166894,35.64727954971857,52.462919084908
2023-03-05,85.38248373,80.0,29.958960328317374,38.98768809849521,58.686730506155946,38.57729138166894,35.64727954971857,52.462919084908
2023-03-06,91.58572107,76.0,38.98768809849521,60.601915184678525,65.18467852257182,47.8796169630643,35.64727954971857,59.412414198361205
2023-03-07,89.99548789,84.00000000000001,39.945280437756495,64.29548563611492,68.39945280437756,56.22435020519836,35.64727954971857,62.64390521759514
2023-03-08,84.00349013,60.0,29.68536251709986,59.78112175102599,64.6374829001368,41.58686730506156,35.64727954971857,53.62022916472039
2023-03-09,82.17801031,80.0,22.29822161422709,56.90834473324213,74.55540355677155,24.076607387140903,35.64727954971857,53.66626673587147
2023-03-10,77.62815343,44.0,7.934336525307797,26.402188782489745,60.191518467852255,14.363885088919293,35.64727954971857,38.023908834898236
2023-03-11,77.62815343,44.0,7.934336525307797,26.402188782489745,60.191518467852255,14.363885088919293,35.64727954971857,38.023908834898236
2023-03-12,77.62815343,44.0,7.934336525307797,26.402188782489745,60.191518467852255,14.363885088919293,35.64727954971857,38.023908834898236
2023-03-13,81.02873228,52.0,5.198358413132695,22.435020519835845,51.98358413132696,16.279069767441857,35.64727954971857,37.796006380207984
2023-03-14,70.7691067,4.000000000000003,0.6839945280437756,11.491108071135436,27.633378932968533,7.25034199726402,35.64727954971857,22.496458539875757
2023-03-15,75.622048,64.0,6.839945280437757,35.43091655266758,46.785225718194255,11.627906976744185,35.64727954971857,39.42190315396605
2023-03-16,74.71077455,48.00000000000001,3.009575923392613,15.321477428180575,36.73050615595075,15.595075239398081,35.64727954971857,32.71638412094866
2023-03-17,79.6619343,88.0,8.207934336525307,32.010943912448695,50.889192886456904,12.585499316005478,35.64727954971857,43.85754061445071
2023-03-18,79.6619343,88.0,8.207934336525307,32.010943912448695,50.889192886456904,12.585499316005478,35.64727954971857,43.85754061445071
2023-03-19,79.6619343,88.0,8.207934336525307,32.010943912448695,50.889192886456904,12.585499316005478,35.64727954971857,43.85754061445071
2023-03-20,76.17117264,80.0,9.439124487004104,29.958960328317374,32.284541723666216,8.618331053351568,35.64727954971857,38.874201397436835
2023-03-21,77.30357773,80.0,18.194254445964432,42.6812585499316,41.4500683994528,8.071135430916554,35.64727954971857,43.33536772942629
2023-03-22,82.29383354,80.0,33.10533515731874,17.373461012311896,50.54719562243501,12.859097127222984,35.64727954971857,44.54660028700103
2023-03-23,84.38764886,72.0,44.73324213406293,5.745554035567713,55.47195622435021,23.392612859097127,35.64727954971857,45.91118480897094
2023-03-24,82.294053,68.0,57.045143638850895,45.280437756497946,59.78112175102599,15.047879616963067,35.64727954971857,51.870845044722365
2023-03-25,82.294053,68.0,57.045143638850895,45.280437756497946,59.78112175102599,15.047879616963067,35.64727954971857,51.870845044722365
2023-03-26,82.294053,68.0,57.045143638850895,45.280437756497946,59.78112175102599,15.047879616963067,35.64727954971857,51.870845044722365
2023-03-27,80.17393693,76.0,56.49794801641587,53.07797537619698,55.47195622435021,19.28864569083447,35.64727954971857,53.73682025535944
2023-03-28,84.62408798,100.0,87.55129958960327,5.608755129958965,70.99863201094392,31.60054719562243,35.64727954971857,59.43294306512103
2023-03-29,85.21192119,80.0,91.24487004103968,9.439124487004102,77.01778385772914,25.71819425444597,35.64727954971857,57.75416762570536
2023-03-30,86.23913847,84.00000000000001,93.98084815321477,18.057455540355683,80.23255813953489,23.666210670314637,35.64727954971857,60.26049864616265
2023-03-31,91.18557213,100.0,95.48563611491107,26.949384404924757,80.77975376196991,39.12448700410397,35.64727954971857,67.02458756651833
2023-04-01,91.18557213,100.0,95.48563611491107,26.949384404924757,80.77975376196991,39.12448700410397,9.8968105065666,63.34594913178234
2023-04-02,91.18557213,100.0,95.48563611491107,26.949384404924757,80.77975376196991,39.12448700410397,9.8968105065666,63.34594913178234
2023-04-03,88.5373479,100.0,98.7688098495212,17.920656634746923,79.00136798905608,25.581395348837212,9.8968105065666,59.95805546124685
2023-04-04,90.02487313,100.0,99.72640218878249,16.279069767441857,82.83173734610124,30.916552667578657,9.8968105065666,61.38220651521012
2023-04-05,92.09512721,96.42857142857144,99.04240766073872,10.807113543091651,82.0109439124487,46.101231190150486,9.8968105065666,62.34031506450965
2023-04-06,84.06136665,89.28571428571429,98.90560875512996,36.388508891928865,79.34336525307796,30.095759233926135,9.8968105065666,61.13959051090626
2023-04-07,91.18263855,78.57142857142858,99.45280437756497,60.191518467852255,82.28454172366622,62.24350205198359,9.8968105065666,69.1176063212946
2023-04-08,91.18263855,78.57142857142858,99.45280437756497,60.191518467852255,82.28454172366622,62.24350205198359,9.8968105065666,69.1176063212946
2023-04-09,91.18263855,78.57142857142858,99.45280437756497,60.191518467852255,82.28454172366622,62.24350205198359,9.8968105065666,69.1176063212946
2023-04-10,94.81139187,92.85714285714286,99.58960328317373,81.66894664842681,79.75376196990425,67.57865937072503,9.8968105065666,75.16518807227703
2023-04-11,100.0,92.85714285714286,100.0,75.51299589603283,80.57455540355677,86.18331053351574,9.8968105065666,77.86068788525925
2023-04-12,100.0,100.0,99.86320109439124,69.90424076607387,79.61696306429549,83.85772913816689,9.8968105065666,77.591277795642
2023-04-13,100.0,100.0,97.40082079343365,33.2421340629275,81.25854993160054,85.49931600547195,9.8968105065666,72.47109018571432
2023-04-14,100.0,96.875,98.49521203830369,21.340629274965806,81.66894664842681,82.62653898768811,9.8968105065666,70.12901963656444
2023-04-15,100.0,96.875,98.49521203830369,21.340629274965806,81.66894664842681,82.62653898768811,9.8968105065666,70.12901963656444
2023-04-16,100.0,96.875,98.49521203830369,21.340629274965806,81.66894664842681,82.62653898768811,9.8968105065666,70.12901963656444
2023-04-17,99.89143265,100.0,99.17920656634746,78.38577291381668,81.3953488372093,88.37209302325581,9.8968105065666,79.58866635674227
2023-04-18,98.89577335,80.0,98.63201094391245,53.48837209302326,83.31053351573188,86.3201094391245,9.8968105065666,72.93480140690839
2023-04-19,98.7758109,97.14285714285712,99.31600547195623,29.411764705882348,85.70451436388508,83.99452804377565,9.8968105065666,72.03461301927472
2023-04-20,96.85371914,77.14285714285714,98.35841313269493,69.08344733242133,87.20930232558139,81.53214774281805,9.8968105065666,74.2966710461342
2023-04-21,94.17859392,68.57142857142856,98.08481532147742,63.33789329685362,87.41450068399452,80.30095759233926,9.8968105065666,71.68357141323715
2023-04-22,94.17859392,68.57142857142856,98.08481532147742,63.33789329685362,87.41450068399452,80.30095759233926,9.8968105065666,71.68357141323715
2023-04-23,94.17859392,68.57142857142856,98.08481532147742,63.33789329685362,87.41450068399452,80.30095759233926,9.8968105065666,71.68357141323715
2023-04-24,90.84487286,57.14285714285714,98.22161422708618,66.21067031463748,85.70451436388508,77.83857729138167,9.8968105065666,69.40855952948775
2023-04-25,84.97751264,74.28571428571428,96.85362517099864,27.359781121751027,84.54172366621067,64.15868673050615,9.8968105065666,63.1534077316782
2023-04-26,84.04293592,65.71428571428571,50.47879616963065,75.10259917920656,83.78932968536252,61.96990424076607,9.8968105065666,61.57066591654545
2023-04-27,85.19899248,60.0,22.98221614227086,64.70588235294117,85.70451436388508,61.559507523939814,9.8968105065666,55.721131909943374
2023-04-28,86.71668002,65.71428571428571,13.269493844049249,46.6484268125855,88.50889192886457,52.667578659370726,9.8968105065666,51.91745249796033
2023-04-29,86.71668002,65.71428571428571,13.269493844049249,46.6484268125855,88.50889192886457,52.667578659370726,9.8968105065666,51.91745249796033
2023-04-30,86.71668002,65.71428571428571,13.269493844049249,46.6484268125855,88.50889192886457,52.667578659370726,9.8968105065666,51.91745249796033
2023-05-01,86.71668002,65.71428571428571,13.269493844049249,46.6484268125855,88.50889192886457,52.667578659370726,12.757973733583494,52.32619010181988
2023-05-02,89.90765999,77.14285714285714,45.4172366621067,32.14774281805746,89.80848153214774,63.33789329685362,12.757973733583494,58.64569216794373
2023-05-03,86.29239124,71.42857142857142,83.31053351573188,13.406292749658,83.78932968536252,54.172366621067034,12.757973733583494,57.87963699628205
2023-05-04,85.5748379,65.71428571428571,45.280437756497946,66.62106703146375,82.62653898768811,45.96443228454172,12.757973733583494,57.791367629722956
2023-05-05,85.5748379,65.71428571428571,45.280437756497946,66.62106703146375,82.62653898768811,45.96443228454172,12.757973733583494,57.791367629722956
2023-05-06,85.5748379,65.71428571428571,45.280437756497946,66.62106703146375,82.62653898768811,45.96443228454172,12.757973733583494,57.791367629722956
2023-05-07,85.5748379,65.71428571428571,45.280437756497946,66.62106703146375,82.62653898768811,45.96443228454172,12.757973733583494,57.791367629722956
2023-05-08,88.90392027,74.28571428571428,41.03967168262654,25.85499316005472,85.29411764705883,71.81942544459645,12.757973733583494,57.1365451748049
2023-05-09,87.79643476,68.57142857142856,54.99316005471956,56.49794801641587,89.05608755129958,56.771545827633375,12.757973733583494,60.92065407358292
2023-05-10,84.78428907,68.57142857142856,56.22435020519836,33.926128590971274,86.593707250342,44.04924760601915,12.757973733583494,55.272446432506115
2023-05-11,83.67993505,65.71428571428571,52.25718194254446,42.954856361149105,89.3296853625171,28.31737346101231,12.757973733583494,53.57304166072745
2023-05-12,81.35423052,60.0,36.52530779753762,35.70451436388509,92.33926128590971,20.79343365253078,12.757973733583494,48.4963887647781
2023-05-13,81.35423052,60.0,36.52530779753762,35.70451436388509,92.33926128590971,20.79343365253078,12.757973733583494,48.4963887647781
2023-05-14,81.35423052,60.0,36.52530779753762,35.70451436388509,92.33926128590971,20.79343365253078,12.757973733583494,48.4963887647781
2023-05-15,82.45679278,60.0,21.477428180574556,31.60054719562243,92.88645690834474,21.88782489740082,12.757973733583494,46.15243195650372
2023-05-16,83.5340198,57.14285714285714,18.331053351573185,7.523939808481527,93.43365253077975,21.477428180574552,12.757973733583494,42.02870350683566
2023-05-17,85.19708619,48.57142857142856,31.463748290013683,47.05882352941176,93.84404924760602,22.16142270861833,12.757973733583494,48.722076038665975
2023-05-18,89.35869596,71.42857142857142,50.20519835841313,73.59781121751026,93.70725034199727,32.421340629274965,12.757973733583494,60.49669166705008
2023-05-19,94.9437071,68.57142857142856,57.59233926128591,99.58960328317373,90.69767441860466,44.59644322845418,12.757973733583494,66.96416708521863
2023-05-20,94.9437071,68.57142857142856,57.59233926128591,99.58960328317373,90.69767441860466,44.59644322845418,12.757973733583494,66.96416708521863
2023-05-21,94.9437071,68.57142857142856,57.59233926128591,99.58960328317373,90.69767441860466,44.59644322845418,12.757973733583494,66.96416708521863
2023-05-22,97.42305857,74.28571428571428,77.97537619699042,98.22161422708618,86.93570451436389,51.43638850889193,12.757973733583494,71.29083286237575
2023-05-23,98.26491181,74.28571428571428,70.17783857729138,86.593707250342,88.16689466484267,64.02188782489739,12.757973733583494,70.60984687809588
2023-05-24,97.21922238,74.28571428571428,97.94801641586868,89.05608755129958,85.29411764705883,68.67305061559507,12.757973733583494,75.03345466130286
2023-05-25,95.49792129,68.57142857142856,91.38166894664843,35.841313269493845,84.19972640218877,74.96580027359781,12.757973733583494,66.17369035527727
2023-05-26,97.6023975,60.0,51.98358413132696,77.15458276333788,84.95212038303693,80.98495212038304,12.757973733583494,66.49080151880975
2023-05-27,97.6023975,60.0,51.98358413132696,77.15458276333788,84.95212038303693,80.98495212038304,12.757973733583494,66.49080151880975
2023-05-28,97.6023975,60.0,51.98358413132696,77.15458276333788,84.95212038303693,80.98495212038304,12.757973733583494,66.49080151880975
2023-05-29,97.6023975,60.0,51.98358413132696,77.15458276333788,84.95212038303693,80.98495212038304,12.757973733583494,66.49080151880975
2023-05-30,100.0,65.71428571428571,55.12995896032832,76.60738714090287,86.3201094391245,84.40492476060192,12.757973733583494,68.70494853554668
2023-05-31,96.69228943,60.0,44.04924760601915,68.53625170998632,86.18331053351574,75.64979480164159,12.757973733583494,63.40983825924947
2023-06-01,95.13737916,60.0,57.729138166894664,36.79890560875513,89.19288645690835,70.58823529411764,7.082551594746722,59.504156611631785
2023-06-02,100.0,62.85714285714285,69.90424076607387,71.68262653898769,91.99726402188783,81.25854993160054,7.082551594746722,69.25462510149136
2023-06-03,100.0,62.85714285714285,69.90424076607387,71.68262653898769,91.99726402188783,81.25854993160054,7.082551594746722,69.25462510149136
2023-06-04,100.0,62.85714285714285,69.90424076607387,71.68262653898769,91.99726402188783,81.25854993160054,7.082551594746722,69.25462510149136
2023-06-05,100.0,88.57142857142857,82.48974008207935,45.690834473324216,91.31326949384405,84.67852257181943,7.082551594746722,71.40376382674891
2023-06-06,100.0,88.57142857142857,82.48974008207935,45.690834473324216,91.31326949384405,84.67852257181943,7.082551594746722,71.40376382674891
2023-06-07,98.85732385,77.14285714285714,78.52257181942545,43.09165526675787,93.296853625171,78.52257181942545,7.082551594746722,68.07376930262625
2023-06-08,97.98282061,80.0,73.18741450068399,43.50205198358413,94.45964432284542,81.94254445964432,7.082551594746722,68.30814678164352
2023-06-09,100.0,82.85714285714285,85.63611491108071,7.797537619699046,96.0328317373461,87.96169630642954,7.082551594746722,66.76683928949214
2023-06-10,100.0,82.85714285714285,85.63611491108071,7.797537619699046,96.0328317373461,87.96169630642954,7.082551594746722,66.76683928949214
2023-06-11,100.0,82.85714285714285,85.63611491108071,7.797537619699046,96.0328317373461,87.96169630642954,7.082551594746722,66.76683928949214
2023-06-12,96.94815185,57.14285714285714,83.99452804377565,22.98221614227086,94.25444596443229,86.45690834473324,7.082551594746722,64.12309415468799
2023-06-13,98.78967464,62.85714285714285,82.62653898768811,77.97537619699042,93.09165526675787,89.3296853625171,7.082551594746722,73.10751784369187
2023-06-14,96.35322956,65.71428571428571,65.2530779753762,75.78659370725033,93.57045143638851,87.27770177838578,7.082551594746722,70.14827025234761
2023-06-15,94.25205641,65.71428571428571,52.53077975376197,77.56497948016417,95.14363885088919,85.63611491108071,7.082551594746722,68.27491524498978
2023-06-16,96.3127954,91.42857142857144,75.64979480164159,77.01778385772914,96.16963064295486,85.77291381668947,7.082551594746722,75.6334345060476
2023-06-17,96.3127954,91.42857142857144,75.64979480164159,77.01778385772914,96.16963064295486,85.77291381668947,7.082551594746722,75.6334345060476
2023-06-18,96.3127954,91.42857142857144,75.64979480164159,77.01778385772914,96.16963064295486,85.77291381668947,7.082551594746722,75.6334345060476
2023-06-19,93.54200411,100.0,93.16005471956224,91.79206566347469,94.87004103967168,78.24897400820794,7.082551594746722,79.81367016223761
2023-06-20,92.53442537,85.71428571428571,95.21203830369357,86.45690834473324,96.99042407660738,69.63064295485636,7.082551594746722,76.23161090841757
2023-06-21,88.40637986,40.0,89.74008207934337,72.36662106703147,94.66484268125855,59.097127222982216,7.082551594746722,64.47965778648035
2023-06-22,90.11464635,42.85714285714285,75.9233926128591,77.83857729138167,95.34883720930233,58.96032831737345,7.082551594746722,64.01792517611517
2023-06-23,86.53424214,2.857142857142859,36.935704514363884,65.66347469220246,96.71682626538988,53.898768809849514,7.082551594746722,49.95553012481362
2023-06-24,86.53424214,2.857142857142859,36.935704514363884,65.66347469220246,96.71682626538988,53.898768809849514,7.082551594746722,49.95553012481362
2023-06-25,86.53424214,2.857142857142859,36.935704514363884,65.66347469220246,96.71682626538988,53.898768809849514,7.082551594746722,49.95553012481362
2023-06-26,88.51919783,37.14285714285714,20.109439124487004,80.1641586867305,94.11764705882352,54.85636114911081,7.082551594746722,54.57031608382225
2023-06-27,88.12687614,65.71428571428571,27.22298221614227,54.172366621067034,95.89603283173734,46.785225718194255,7.082551594746722,55.00004583373906
2023-06-28,85.45149744,40.0,14.09028727770178,63.611491108071135,96.30642954856361,29.68536251709987,7.082551594746722,48.032517069454734
2023-06-29,82.09642685,8.571428571428568,11.21751025991792,40.76607387140903,97.40082079343365,36.251709986320115,7.082551594746722,40.48378884675086
2023-06-30,83.71619681,71.42857142857142,10.6703146374829,58.41313269493844,98.35841313269493,42.6812585499316,7.082551594746722,53.19291983548087
2023-07-01,83.71619681,71.42857142857142,10.6703146374829,58.41313269493844,98.35841313269493,42.6812585499316,17.120075046904315,54.626851757217665
2023-07-02,83.71619681,71.42857142857142,10.6703146374829,58.41313269493844,98.35841313269493,42.6812585499316,17.120075046904315,54.626851757217665
2023-07-03,89.69487223,82.85714285714285,40.08207934336525,46.101231190150486,97.94801641586868,43.50205198358413,17.120075046904315,59.61506700957368
2023-07-04,87.31710141,80.0,57.45554035567716,54.719562243502054,99.58960328317373,35.841313269493845,17.120075046904315,61.72045651553588
2023-07-05,83.62097663,51.42857142857142,50.6155950752394,53.76196990424076,99.45280437756499,31.326949384404923,17.120075046904315,55.332420263846544
2023-07-06,79.58716631,0.0,19.835841313269494,20.519835841313274,97.12722298221614,24.760601915184676,17.120075046904315,36.99296334412685
2023-07-07,73.2352778,11.11111111111111,21.203830369357046,16.415868673050614,87.96169630642954,12.722298221614226,17.120075046904315,34.25287964692384
2023-07-08,73.2352778,11.11111111111111,21.203830369357046,16.415868673050614,87.96169630642954,12.722298221614226,17.120075046904315,34.25287964692384
2023-07-09,73.2352778,11.11111111111111,21.203830369357046,16.415868673050614,87.96169630642954,12.722298221614226,17.120075046904315,34.25287964692384
2023-07-10,71.97909547,66.66666666666667,28.317373461012313,7.25034199726402,87.20930232558139,16.552667578659374,17.120075046904315,42.15650322086974
2023-07-11,79.43206242,100.0,47.332421340629274,19.15184678522572,92.74965800273598,20.93023255813954,17.120075046904315,53.81661373623355
2023-07-12,81.07348402,100.0,72.91381668946649,24.21340629274966,93.09165526675787,27.906976744186053,17.120075046904315,59.474202008580626
2023-07-13,82.98036758,86.11111111111111,80.30095759233926,32.284541723666216,95.14363885088919,31.053351573187417,17.120075046904315,60.71343478258536
2023-07-14,90.38924305,100.0,66.89466484268127,1.7783857729138153,95.7592339261286,42.954856361149105,17.120075046904315,59.27092271425387
2023-07-15,90.38924305,100.0,66.89466484268127,1.7783857729138153,95.7592339261286,42.954856361149105,17.120075046904315,59.27092271425387
2023-07-16,90.38924305,100.0,66.89466484268127,1.7783857729138153,95.7592339261286,42.954856361149105,17.120075046904315,59.27092271425387
2023-07-17,88.42470486,83.78378378378379,69.08344733242134,29.68536251709987,95.62243502051983,45.280437756497946,17.120075046904315,61.28574947388959
2023-07-18,84.91790398,70.27027027027027,32.69493844049248,25.71819425444597,96.44322845417237,39.26128590971272,17.120075046904315,52.34655662228545
2023-07-19,84.26335142,54.054054054054056,10.533515731874145,29.822161422708614,97.53761969904241,46.37482900136799,17.120075046904315,48.52937233942164
2023-07-20,82.02581656,51.35135135135135,9.575923392612859,41.99726402188782,95.48563611491107,37.482900136798904,17.120075046904315,47.8627095177809
2023-07-21,82.66635441,72.97297297297298,6.703146374829001,30.50615595075239,94.87004103967168,45.827633378932966,17.120075046904315,50.09519702486619
2023-07-22,82.66635441,72.97297297297298,6.703146374829001,30.50615595075239,94.87004103967168,45.827633378932966,17.120075046904315,50.09519702486619
2023-07-23,82.66635441,72.97297297297298,6.703146374829001,30.50615595075239,94.87004103967168,45.827633378932966,17.120075046904315,50.09519702486619
2023-07-24,84.93426493,40.54054054054054,2.188782489740082,38.303693570451436,90.8344733242134,49.658002735978116,17.120075046904315,46.22569037683256
2023-07-25,85.42565203,59.45945945945946,5.06155950752394,16.142270861833108,91.31326949384405,53.3515731874145,17.120075046904315,46.83912279813991
2023-07-26,79.34742315,0.0,0.13679890560875513,28.590971272229826,88.37209302325581,45.690834473324216,17.120075046904315,37.0368851244747
2023-07-27,84.79081458,70.27027027027027,0.4103967168262654,30.64295485636115,92.47606019151847,61.2859097127223,17.120075046904315,50.99949733922897
2023-07-28,83.63606962,67.56756756756756,1.231190150478796,11.217510259917917,90.35567715458276,56.49794801641587,17.120075046904315,46.80371968798103
2023-07-29,83.63606962,67.56756756756756,1.231190150478796,11.217510259917917,90.35567715458276,56.49794801641587,17.120075046904315,46.80371968798103
2023-07-30,83.63606962,67.56756756756756,1.231190150478796,11.217510259917917,90.35567715458276,56.49794801641587,17.120075046904315,46.80371968798103
2023-07-31,85.52797159,81.08108108108108,6.292749658002736,35.56771545827634,89.80848153214774,51.98358413132696,17.120075046904315,52.4830940711056
2023-08-01,92.4021212,91.8918918918919,8.071135430916552,31.053351573187417,91.51846785225717,64.84268125854993,24.390243902439025,57.73855615846314
2023-08-02,82.47325371,70.27027027027027,9.165526675786593,4.103967168262656,82.0109439124487,55.81395348837209,24.390243902439025,46.88973701822561
2023-08-03,79.24358793,62.16216216216217,11.354309165526676,40.35567715458276,79.00136798905608,57.045143638850895,24.390243902439025,50.507498848945374
2023-08-04,78.68784213,75.67567567567568,2.462380300957592,19.699042407660738,81.05335157318741,67.16826265389876,24.390243902439025,49.8766855205456
2023-08-05,78.68784213,75.67567567567568,2.462380300957592,19.699042407660738,81.05335157318741,67.16826265389876,24.390243902439025,49.8766855205456
2023-08-06,78.68784213,75.67567567567568,2.462380300957592,19.699042407660738,81.05335157318741,67.16826265389876,24.390243902439025,49.8766855205456
2023-08-07,76.35146733,78.37837837837837,3.830369357045144,49.3844049247606,79.95896032831737,60.328317373461005,24.390243902439025,53.23173451348594
2023-08-08,73.83702234,72.97297297297298,0.5471956224350205,23.529411764705888,81.80574555403557,39.9452804377565,24.390243902439025,45.289696084906424
2023-08-09,78.58849182,64.86486486486488,0.957592339261286,20.246238030095764,90.35567715458276,45.55403556771546,24.390243902439025,46.422449096994164
2023-08-10,76.87405377,72.97297297297298,3.283173734610123,20.79343365253078,91.65526675786595,40.76607387140903,24.390243902439025,47.24788838026113
2023-08-11,74.71861924,75.67567567567568,7.387140902872777,10.123119015047877,94.45964432284542,23.11901504787962,24.390243902439025,44.26763687239434
2023-08-12,74.71861924,75.67567567567568,7.387140902872777,10.123119015047877,94.45964432284542,23.11901504787962,24.390243902439025,44.26763687239434
2023-08-13,74.71861924,75.67567567567568,7.387140902872777,10.123119015047877,94.45964432284542,23.11901504787962,24.390243902439025,44.26763687239434
2023-08-14,70.99686813,83.78378378378379,17.510259917920656,55.54035567715459,90.56087551299589,22.8454172366621,24.390243902439025,52.23254345156516
2023-08-15,70.99686813,83.78378378378379,17.510259917920656,55.54035567715459,90.56087551299589,22.8454172366621,24.390243902439025,52.23254345156516
2023-08-16,64.11951314,56.756756756756765,14.91108071135431,42.134062927496586,83.44733242134062,18.057455540355683,24.390243902439025,43.40234934282042
2023-08-17,62.57533313,45.94594594594595,11.627906976744185,21.614227086183313,80.77975376196991,19.835841313269498,24.390243902439025,38.109893159507415
2023-08-18,60.09401136,37.83783783783784,12.175102599179207,31.73734610123119,77.83857729138167,17.647058823529417,24.390243902439025,37.38859684508548
2023-08-19,60.09401136,37.83783783783784,12.175102599179207,31.73734610123119,77.83857729138167,17.647058823529417,24.390243902439025,37.38859684508548
2023-08-20,60.09401136,37.83783783783784,12.175102599179207,31.73734610123119,77.83857729138167,17.647058823529417,24.390243902439025,37.38859684508548
2023-08-21,60.57223831,45.94594594594595,11.76470588235294,25.034199726402186,77.83857729138167,17.920656634746923,24.390243902439025,37.63808109903839
2023-08-22,61.64401723,51.35135135135135,21.06703146374829,2.735978112175108,82.48974008207935,17.09986320109439,24.390243902439025,37.25403219184108
2023-08-23,60.82244453,56.756756756756765,29.2749658002736,25.307797537619702,84.7469220246238,13.543091655266759,24.390243902439025,42.12031745813995
2023-08-24,66.91218522,56.756756756756765,44.45964432284541,0.6839945280437743,92.20246238030096,28.727770177838575,24.390243902439025,44.87615104117493
2023-08-25,61.9934332,56.756756756756765,54.172366621067034,10.94391244870041,85.70451436388508,16.005471956224348,24.390243902439025,44.280957035581814
2023-08-26,61.9934332,56.756756756756765,54.172366621067034,10.94391244870041,85.70451436388508,16.005471956224348,24.390243902439025,44.280957035581814
2023-08-27,61.9934332,56.756756756756765,54.172366621067034,10.94391244870041,85.70451436388508,16.005471956224348,24.390243902439025,44.280957035581814
2023-08-28,64.89274095,78.37837837837837,73.46101231190151,5.882352941176472,90.08207934336525,18.194254445964432,24.390243902439025,50.75443746760357
2023-08-29,66.33407002,67.56756756756756,75.51299589603283,8.618331053351568,93.98084815321477,16.415868673050614,24.390243902439025,50.40284646652234
2023-08-30,67.70467001,70.27027027027027,72.50341997264022,2.8727770177838563,96.58002735978111,12.448700410396718,24.390243902439025,49.538586991901596
2023-08-31,67.25009266,70.27027027027027,66.484268125855,59.91792065663475,97.81121751025992,20.109439124487004,24.390243902439025,58.033350321420855
2023-09-01,71.76279417,62.16216216216217,59.78112175102599,14.911080711354307,98.49521203830369,28.18057455540356,27.251407129455906,51.79205035967224
2023-09-02,71.76279417,62.16216216216217,59.78112175102599,14.911080711354307,98.49521203830369,28.18057455540356,27.251407129455906,51.79205035967224
2023-09-03,71.76279417,62.16216216216217,59.78112175102599,14.911080711354307,98.49521203830369,28.18057455540356,27.251407129455906,51.79205035967224
2023-09-04,75.23256821,62.16216216216217,58.82352941176471,15.731874145006842,98.63201094391245,36.935704514363884,27.251407129455906,53.538465216666566
2023-09-05,74.030082,59.45945945945946,51.02599179206566,37.482900136798904,98.97400820793433,42.54445964432284,27.251407129455906,55.82404405286245
2023-09-06,70.50594509,54.054054054054056,45.96443228454172,17.23666210670315,98.7688098495212,44.45964432284541,27.251407129455906,51.17727926244593
2023-09-07,68.76844761,48.648648648648646,26.265389876880985,49.658002735978116,98.08481532147742,32.96853625170999,27.251407129455906,50.23503536773586
2023-09-08,68.03396657,62.16216216216217,33.2421340629275,33.65253077975376,99.24760601915185,32.55813953488372,27.251407129455906,50.87827803690499
2023-09-09,68.03396657,62.16216216216217,33.2421340629275,33.65253077975376,99.24760601915185,32.55813953488372,27.251407129455906,50.87827803690499
2023-09-10,68.03396657,62.16216216216217,33.2421340629275,33.65253077975376,99.24760601915185,32.55813953488372,27.251407129455906,50.87827803690499
2023-09-11,69.35904479,81.08108108108108,37.893296853625166,32.55813953488372,98.97400820793433,40.49247606019152,27.251407129455906,55.372779093881675
2023-09-12,66.29242033,43.24324324324324,23.119015047879618,58.5499316005472,99.24760601915185,39.808481532147745,27.251407129455906,51.07315784320366
2023-09-13,66.60835935,40.54054054054054,23.803009575923394,47.195622435020525,98.22161422708618,55.67715458276334,27.251407129455906,51.328243977255696
2023-09-14,73.2504966,62.16216216216217,33.65253077975376,14.363885088919293,99.72640218878249,66.07387140902873,27.251407129455906,53.78296505115748
2023-09-15,77.9946955,81.08108108108108,47.46922024623803,6.292749658002739,99.86320109439124,77.56497948016417,27.251407129455906,59.64533345561903
2023-09-16,77.9946955,81.08108108108108,47.46922024623803,6.292749658002739,99.86320109439124,77.56497948016417,27.251407129455906,59.64533345561903
2023-09-17,77.9946955,81.08108108108108,47.46922024623803,6.292749658002739,99.86320109439124,77.56497948016417,27.251407129455906,59.64533345561903
2023-09-18,71.86128335,70.27027027027027,40.21887824897401,9.71272229822161,97.67441860465115,70.31463748290014,27.251407129455906,55.32908819778187
2023-09-19,69.06635403,62.16216216216217,32.28454172366621,45.96443228454172,97.2640218878249,63.47469220246238,27.251407129455906,56.78108734573048
2023-09-20,68.70701088,54.054054054054056,26.12859097127223,53.214774281805745,96.85362517099864,65.80027359781123,27.251407129455906,56.001390869342536
2023-09-21,60.83978976,29.72972972972973,13.132694938440492,74.82900136798905,91.99726402188783,41.723666210670316,27.251407129455906,48.50050759402477
2023-09-22,59.27694952,24.324324324324323,14.500683994528044,19.42544459644323,90.08207934336525,46.23803009575923,27.251407129455906,40.156988429125136
2023-09-23,59.27694952,24.324324324324323,14.500683994528044,19.42544459644323,90.08207934336525,46.23803009575923,27.251407129455906,40.156988429125136
2023-09-24,59.27694952,24.324324324324323,14.500683994528044,19.42544459644323,90.08207934336525,46.23803009575923,27.251407129455906,40.156988429125136
2023-09-25,58.48348637,27.027027027027035,12.311901504787961,93.84404924760602,91.10807113543092,40.902872777017784,27.251407129455906,50.13268788447509
2023-09-26,52.07447383,8.108108108108114,3.9671682626538987,21.203830369357046,86.93570451436389,27.770177838577293,27.251407129455906,32.47298143607374
2023-09-27,51.71449191,43.24324324324324,4.514363885088919,34.4733242134063,83.99452804377565,23.25581395348837,27.251407129455906,38.349596054065486
2023-09-28,51.71449191,43.24324324324324,4.514363885088919,34.4733242134063,83.99452804377565,23.25581395348837,27.251407129455906,38.349596054065486
2023-09-29,51.71449191,43.24324324324324,4.514363885088919,34.4733242134063,83.99452804377565,23.25581395348837,27.251407129455906,38.349596054065486
2023-09-30,51.71449191,43.24324324324324,4.514363885088919,34.4733242134063,83.99452804377565,23.25581395348837,27.251407129455906,38.349596054065486
2023-10-01,51.71449191,43.24324324324324,4.514363885088919,34.4733242134063,83.99452804377565,23.25581395348837,17.120075046904315,36.902262899415256
2023-10-02,51.71449191,43.24324324324324,4.514363885088919,34.4733242134063,83.99452804377565,23.25581395348837,17.120075046904315,36.902262899415256
2023-10-03,51.71449191,43.24324324324324,4.514363885088919,34.4733242134063,83.99452804377565,23.25581395348837,17.120075046904315,36.902262899415256
2023-10-04,41.93321123,0.0,1.094391244870041,5.335157318741446,53.48837209302326,20.519835841313274,17.120075046904315,19.9272918249789
2023-10-05,40.79996996,26.190476190476197,0.8207934336525308,14.77428180574556,63.132694938440494,14.227086183310533,17.120075046904315,25.2950539369328
2023-10-06,41.29976464,40.47619047619048,1.7783857729138166,36.251709986320115,62.44870041039672,8.755129958960328,17.120075046904315,29.732850898812256
2023-10-07,41.29976464,40.47619047619048,1.7783857729138166,36.251709986320115,62.44870041039672,8.755129958960328,17.120075046904315,29.732850898812256
2023-10-08,41.29976464,40.47619047619048,1.7783857729138166,36.251709986320115,62.44870041039672,8.755129958960328,17.120075046904315,29.732850898812256
2023-10-09,41.29976464,40.47619047619048,1.7783857729138166,36.251709986320115,62.44870041039672,8.755129958960328,17.120075046904315,29.732850898812256
2023-10-10,41.5568388,40.47619047619048,1.915184678522572,43.77564979480164,60.191518467852255,8.891928864569088,17.120075046904315,30.561055161262907
2023-10-11,45.1709862,59.523809523809526,15.731874145006842,50.47879616963065,72.29822161422709,18.6046511627907,17.120075046904315,39.84691626605274
2023-10-12,51.0007688,69.04761904761905,14.227086183310533,22.16142270861833,80.23255813953489,25.444596443228452,17.120075046904315,39.89058948131651
2023-10-13,46.50816927,59.523809523809526,35.15731874145007,14.50068399452804,78.59097127222982,22.571819425444595,17.120075046904315,39.138978182052334
2023-10-14,46.50816927,59.523809523809526,35.15731874145007,14.50068399452804,78.59097127222982,22.571819425444595,17.120075046904315,39.138978182052334
2023-10-15,46.50816927,59.523809523809526,35.15731874145007,14.50068399452804,78.59097127222982,22.571819425444595,17.120075046904315,39.138978182052334
2023-10-16,42.94913581,54.761904761904766,76.47058823529412,30.779753761969907,67.37346101231189,15.8686730506156,17.120075046904315,43.61765595414295
2023-10-17,48.87514213,61.90476190476191,75.10259917920656,9.57592339261286,76.812585499316,27.222982216142267,17.120075046904315,45.23058133842056
2023-10-18,51.04390896,61.90476190476191,47.74281805745554,6.019151846785231,78.11217510259918,33.78932968536251,17.120075046904315,42.24746008626696
2023-10-19,42.37940434,23.809523809523817,38.850889192886456,7.113543091655272,51.23119015047879,14.090287277701774,17.120075046904315,27.799273272735775
2023-10-20,27.95825512,9.52380952380953,7.660738714090288,9.849521203830369,41.17647058823529,4.377564979480164,17.120075046904315,16.809490739478566
2023-10-21,27.95825512,9.52380952380953,7.660738714090288,9.849521203830369,41.17647058823529,4.377564979480164,17.120075046904315,16.809490739478566
2023-10-22,27.95825512,9.52380952380953,7.660738714090288,9.849521203830369,41.17647058823529,4.377564979480164,17.120075046904315,16.809490739478566
2023-10-23,23.32260528,19.04761904761905,2.5991792065663475,69.63064295485636,40.08207934336525,6.429548563611487,17.120075046904315,25.46167849184611
2023-10-24,27.59823094,54.761904761904766,11.080711354309166,18.878248974008205,45.759233926128594,9.028727770177836,17.120075046904315,26.318161824776123
2023-10-25,24.61219168,47.61904761904761,23.666210670314637,23.666210670314637,47.8796169630643,7.523939808481527,17.120075046904315,27.441041779732434
2023-10-26,10.45777527,14.285714285714288,15.45827633378933,11.354309165526677,27.428180574555405,4.514363885088923,17.120075046904315,14.374099223082707
2023-10-27,11.34156268,38.095238095238095,19.151846785225718,24.897400820793436,36.11491108071135,4.924760601915191,17.120075046904315,21.66368501582687
2023-10-28,11.34156268,38.095238095238095,19.151846785225718,24.897400820793436,36.11491108071135,4.924760601915191,17.120075046904315,21.66368501582687
2023-10-29,11.34156268,38.095238095238095,19.151846785225718,24.897400820793436,36.11491108071135,4.924760601915191,17.120075046904315,21.66368501582687
2023-10-30,6.981598037,50.0,34.47332421340629,44.73324213406292,35.841313269493845,6.019151846785231,17.120075046904315,27.881243506807515
2023-10-31,0.114151966,38.095238095238095,18.741450068399455,20.109439124487004,38.303693570451436,6.703146374829005,17.120075046904315,19.8838848923299
2023-11-01,7.651207593,42.85714285714286,30.91655266757866,58.276333789329684,46.44322845417237,10.94391244870041,4.268292682926833,28.765238641835833
2023-11-02,17.57293656,54.761904761904766,44.322845417236664,19.972640218878247,61.559507523939814,20.65663474692202,4.268292682926833,31.873537415972624
2023-11-03,23.21748219,66.66666666666666,71.27222982216142,49.52120383036935,72.91381668946649,29.138166894664842,4.268292682926833,45.285408396607934
2023-11-04,23.21748219,66.66666666666666,71.27222982216142,49.52120383036935,72.91381668946649,29.138166894664842,4.268292682926833,45.285408396607934
2023-11-05,23.21748219,66.66666666666666,71.27222982216142,49.52120383036935,72.91381668946649,29.138166894664842,4.268292682926833,45.285408396607934
2023-11-06,51.71065443,71.42857142857143,88.50889192886456,99.04240766073872,47.05882352941176,71.13543091655266,4.268292682926833,61.87901036815227
2023-11-07,39.3724793,66.66666666666666,67.85225718194255,25.581395348837212,51.23119015047879,54.99316005471957,4.268292682926833,44.28077734079594
2023-11-08,33.50022833,69.04761904761905,71.54582763337893,67.9890560875513,60.191518467852255,30.36935704514364,4.268292682926833,48.13027132778171
2023-11-09,35.8667654,64.28571428571429,78.38577291381668,62.38030095759234,70.10943912448701,22.29822161422709,4.268292682926833,48.22778671125203
2023-11-10,33.16762887,64.28571428571429,62.38030095759234,28.454172366621066,66.27906976744187,24.21340629274966,4.268292682926833,40.43551217472086
2023-11-11,33.16762887,64.28571428571429,62.38030095759234,28.454172366621066,66.27906976744187,24.21340629274966,4.268292682926833,40.43551217472086
2023-11-12,33.16762887,64.28571428571429,62.38030095759234,28.454172366621066,66.27906976744187,24.21340629274966,4.268292682926833,40.43551217472086
2023-11-13,32.41730255,64.28571428571429,53.48837209302325,42.270861833105336,58.89192886456909,29.548563611491108,4.268292682926833,40.73871941726141
2023-11-14,38.24835769,61.90476190476191,63.47469220246238,40.62927496580028,62.85909712722299,26.265389876880985,4.268292682926833,42.521409492865054
2023-11-15,51.35994597,73.80952380952381,85.22571819425444,73.32421340629274,64.36388508891928,34.33652530779754,4.268292682926833,55.24115777995924
2023-11-16,51.84658242,76.19047619047619,90.69767441860465,91.10807113543092,68.05745554035568,48.42681258549931,4.268292682926833,61.51362356761336
2023-11-17,47.71241814,73.80952380952381,82.35294117647058,76.1969904240766,74.21340629274967,57.45554035567715,4.268292682926833,59.42987326877495
2023-11-18,47.71241814,73.80952380952381,82.35294117647058,76.1969904240766,74.21340629274967,57.45554035567715,4.268292682926833,59.42987326877495
2023-11-19,47.71241814,73.80952380952381,82.35294117647058,76.1969904240766,74.21340629274967,57.45554035567715,4.268292682926833,59.42987326877495
2023-11-20,51.4967812,69.04761904761905,88.23529411764706,32.69493844049247,73.187414500684,65.11627906976744,4.268292682926833,54.86380272273383
2023-11-21,55.59892768,71.42857142857143,89.87688098495212,39.808481532147745,76.812585499316,65.5266757865937,4.268292682926833,57.617202227786834
2023-11-22,55.99251724,69.04761904761905,93.02325581395348,91.65526675786595,79.00136798905608,71.54582763337893,4.268292682926833,66.3620210235429
2023-11-23,56.16277517,71.42857142857143,90.56087551299589,54.85636114911081,83.58413132694939,83.31053351573188,4.268292682926833,63.45307725518374
2023-11-24,50.98558907,69.04761904761905,89.19288645690835,87.68809849521205,84.40492476060192,82.07934336525308,4.268292682926833,66.80953626836018
2023-11-25,50.98558907,69.04761904761905,89.19288645690835,87.68809849521205,84.40492476060192,82.07934336525308,4.268292682926833,66.80953626836018
2023-11-26,50.98558907,69.04761904761905,89.19288645690835,87.68809849521205,84.40492476060192,82.07934336525308,4.268292682926833,66.80953626836018
2023-11-27,50.43396029,71.42857142857143,83.03693570451436,83.44733242134062,83.17373461012312,79.89056087551299,4.268292682926833,65.09705543042705
2023-11-28,57.31098416,76.19047619047619,89.60328317373461,37.893296853625166,82.28454172366622,87.55129958960327,4.268292682926833,62.157453482004605
2023-11-29,55.70312087,66.66666666666666,92.88645690834473,87.82489740082079,87.68809849521205,80.71135430916553,4.268292682926833,67.96412676187664
2023-11-30,58.9949449,78.57142857142857,96.58002735978111,95.89603283173734,88.78248974008208,76.74418604651163,4.268292682926833,71.40534316178108
2023-12-01,52.54348676,73.80952380952381,96.0328317373461,75.23939808481532,88.64569083447333,66.484268125855,30.1125703564728,68.98110995835519
2023-12-02,52.54348676,73.80952380952381,96.0328317373461,75.23939808481532,88.64569083447333,66.484268125855,30.1125703564728,68.98110995835519
2023-12-03,52.54348676,73.80952380952381,96.0328317373461,75.23939808481532,88.64569083447333,66.484268125855,30.1125703564728,68.98110995835519
2023-12-04,54.9758012,66.66666666666666,96.16963064295486,78.79616963064295,87.55129958960327,26.53898768809849,30.1125703564728,62.97301796777701
2023-12-05,49.21336387,61.90476190476191,87.27770177838578,74.00820793433653,86.04651162790698,35.70451436388509,30.1125703564728,60.60966169082129
2023-12-06,50.44013053,64.28571428571429,88.64569083447333,80.30095759233926,88.16689466484267,46.51162790697675,30.1125703564728,64.0662265958313
2023-12-07,49.19198816,69.04761904761905,79.89056087551299,23.392612859097127,69.69904240766074,45.41723666210671,30.1125703564728,52.39309005263849
2023-12-08,56.33202114,69.04761904761905,85.90971272229822,44.59644322845418,86.73050615595075,58.13953488372092,30.1125703564728,61.55262964778799
2023-12-09,56.33202114,69.04761904761905,85.90971272229822,44.59644322845418,86.73050615595075,58.13953488372092,30.1125703564728,61.55262964778799
2023-12-10,56.33202114,69.04761904761905,85.90971272229822,44.59644322845418,86.73050615595075,58.13953488372092,30.1125703564728,61.55262964778799
2023-12-11,58.84565529,76.19047619047619,88.0984952120383,26.81258549931601,87.82489740082079,62.653898768809846,30.1125703564728,61.505511245419136
2023-12-12,62.21614124,76.19047619047619,76.60738714090287,57.86593707250343,88.91928864569083,57.3187414500684,30.1125703564728,64.17579172801636
2023-12-13,56.81101543,64.28571428571429,59.37072503419972,60.054719562243505,89.46648426812585,34.06292749658003,30.1125703564728,56.309165204762316
2023-12-14,65.20235323,73.80952380952381,68.2626538987688,84.26812585499316,90.97127222982216,38.303693570451436,30.1125703564728,64.41859899286175
2023-12-15,69.96382626,69.04761904761905,67.44186046511628,56.634746922024625,91.79206566347469,53.48837209302326,30.1125703564728,62.64015154396153
2023-12-16,69.96382626,69.04761904761905,67.44186046511628,56.634746922024625,91.79206566347469,53.48837209302326,30.1125703564728,62.64015154396153
2023-12-17,69.96382626,69.04761904761905,67.44186046511628,56.634746922024625,91.79206566347469,53.48837209302326,30.1125703564728,62.64015154396153
2023-12-18,69.10858875,66.66666666666666,62.927496580027366,63.7482900136799,89.60328317373461,48.29001367989056,30.1125703564728,61.49384417435312
2023-12-19,69.90429362,61.90476190476191,42.95485636114911,71.27222982216142,92.61285909712723,42.134062927496586,30.1125703564728,58.69937629845272
2023-12-20,80.84930182,83.33333333333334,66.21067031463748,96.99042407660738,86.45690834473324,55.54035567715459,30.1125703564728,71.35622341756269
2023-12-21,78.32877769,73.80952380952381,56.634746922024625,79.61696306429549,85.0889192886457,54.44596443228454,30.1125703564728,65.43392365189241
2023-12-22,78.87740699,71.42857142857143,37.07250341997264,98.08481532147742,84.7469220246238,59.78112175102599,30.1125703564728,65.72913018459202
2023-12-23,78.87740699,71.42857142857143,37.07250341997264,98.08481532147742,84.7469220246238,59.78112175102599,30.1125703564728,65.72913018459202
2023-12-24,78.87740699,71.42857142857143,37.07250341997264,98.08481532147742,84.7469220246238,59.78112175102599,30.1125703564728,65.72913018459202
2023-12-25,78.87740699,71.42857142857143,37.07250341997264,98.08481532147742,84.7469220246238,59.78112175102599,30.1125703564728,65.72913018459202
2023-12-26,81.00219326,73.80952380952381,32.968536251709985,96.0328317373461,76.60738714090287,62.7906976744186,30.1125703564728,64.76053431862488
2023-12-27,84.47130057,73.80952380952381,27.359781121751027,74.69220246238031,74.21340629274967,59.23392612859097,30.1125703564728,60.556101534495504
2023-12-28,94.14036242,92.85714285714285,54.03556771545828,94.52804377564979,57.797537619699035,72.36662106703147,30.1125703564728,70.83397797306489
2023-12-29,94.14036242,92.85714285714285,54.03556771545828,94.52804377564979,57.797537619699035,72.36662106703147,30.1125703564728,70.83397797306489
2023-12-30,94.14036242,92.85714285714285,54.03556771545828,94.52804377564979,57.797537619699035,72.36662106703147,30.1125703564728,70.83397797306489
2023-12-31,94.14036242,92.85714285714285,54.03556771545828,94.52804377564979,57.797537619699035,72.36662106703147,30.1125703564728,70.83397797306489
2024-01-01,94.14036242,92.85714285714285,54.03556771545828,94.52804377564979,57.797537619699035,72.36662106703147,21.482176360225136,69.60106454502952
2024-01-02,98.41606025,88.09523809523809,65.38987688098496,83.31053351573188,47.60601915184679,75.10259917920656,21.482176360225136,68.48607191903334
2024-01-03,81.42641149,71.42857142857143,56.90834473324213,63.88508891928865,50.752393980848154,67.71545827633378,21.482176360225136,59.08549216978704
2024-01-04,75.66484198,61.90476190476191,75.78659370725033,89.74008207934337,51.98358413132696,58.00273597811218,21.482176360225136,62.08068230585999
2024-01-05,74.0802114,66.66666666666666,46.10123119015048,94.66484268125855,57.11354309165526,66.75786593707251,21.482176360225136,60.98093390386122
2024-01-06,74.0802114,66.66666666666666,46.10123119015048,94.66484268125855,57.11354309165526,66.75786593707251,21.482176360225136,60.98093390386122
2024-01-07,74.0802114,66.66666666666666,46.10123119015048,94.66484268125855,57.11354309165526,66.75786593707251,21.482176360225136,60.98093390386122
2024-01-08,71.08018875,61.90476190476191,32.0109439124487,90.8344733242134,58.00273597811218,63.064295485636116,21.482176360225136,56.9113679593425
2024-01-09,67.83575095,64.28571428571429,86.04651162790698,93.70725034199727,61.901504787961706,58.41313269493844,21.482176360225136,64.81029157839198
2024-01-10,62.11956218,59.523809523809526,70.86183310533517,57.59233926128591,71.54582763337893,41.4500683994528,21.482176360225136,54.93937378049821
2024-01-11,61.31267377,61.90476190476191,92.33926128590971,99.86320109439124,65.86867305061558,34.61012311901504,21.482176360225136,62.48298151213123
2024-01-12,57.51039532,57.14285714285715,95.7592339261286,67.85225718194255,72.02462380300958,25.99179206566348,21.482176360225136,56.82333368568951
2024-01-13,57.51039532,57.14285714285715,95.7592339261286,67.85225718194255,72.02462380300958,25.99179206566348,21.482176360225136,56.82333368568951
2024-01-14,57.51039532,57.14285714285715,95.7592339261286,67.85225718194255,72.02462380300958,25.99179206566348,21.482176360225136,56.82333368568951
2024-01-15,59.30873705,57.14285714285715,96.30642954856361,93.43365253077975,70.10943912448701,37.072503419972634,21.482176360225136,62.12225645384076
2024-01-16,51.28418889,38.095238095238095,74.28180574555402,80.71135430916553,65.18467852257182,22.98221614227086,21.482176360225136,50.574522580717925
2024-01-17,36.03252214,2.3809523809523827,92.0656634746922,54.58276333789329,43.16005471956225,7.38714090287278,21.482176360225136,36.727324759456856
2024-01-18,38.14700978,23.809523809523817,85.3625170998632,42.40766073871409,49.86320109439124,9.165526675786595,21.482176360225136,38.60537365121486
2024-01-19,48.84499498,47.61904761904761,84.54172366621067,60.46511627906976,59.23392612859097,17.783857729138163,21.482176360225136,48.56726325175462
2024-01-20,48.84499498,47.61904761904761,84.54172366621067,60.46511627906976,59.23392612859097,17.783857729138163,21.482176360225136,48.56726325175462
2024-01-21,48.84499498,47.61904761904761,84.54172366621067,60.46511627906976,59.23392612859097,17.783857729138163,21.482176360225136,48.56726325175462
2024-01-22,48.35337152,33.33333333333333,64.15868673050615,82.9001367989056,54.85636114911081,9.302325581395355,21.482176360225136,44.91234163906806
2024-01-23,52.66897287,59.523809523809526,65.11627906976744,51.43638850889193,62.44870041039672,13.406292749658,21.482176360225136,46.583231356106964
2024-01-24,49.73914948,59.523809523809526,39.398084815321475,49.79480164158687,67.37346101231189,11.901504787961692,21.482176360225136,42.74471251731666
2024-01-25,50.8134562,69.04761904761905,32.421340629274965,71.54582763337893,68.74145006839944,12.038303693570452,21.482176360225136,46.584310518924
2024-01-26,51.69426967,71.42857142857143,29.00136798905609,82.62653898768811,68.2626538987688,9.986320109439129,21.482176360225136,47.78312834910696
2024-01-27,51.69426967,71.42857142857143,29.00136798905609,82.62653898768811,68.2626538987688,9.986320109439129,21.482176360225136,47.78312834910696
2024-01-28,51.69426967,71.42857142857143,29.00136798905609,82.62653898768811,68.2626538987688,9.986320109439129,21.482176360225136,47.78312834910696
2024-01-29,58.30937216,88.09523809523809,33.926128590971274,89.19288645690835,63.679890560875506,10.670314637482903,21.482176360225136,52.193715265957316
2024-01-30,57.70764767,83.33333333333334,39.53488372093023,88.64569083447333,66.89466484268125,5.061559507523938,21.482176360225136,51.80856518130961
2024-01-31,55.60492883,73.80952380952381,27.770177838577293,77.29138166894664,67.64705882352942,12.17510259917921,21.482176360225136,47.96862141856878
2024-02-01,66.69929849,100.0,46.238030095759235,69.49384404924761,71.54582763337893,27.359781121751027,38.46153846153846,59.97118855023932
2024-02-02,86.36081863,100.0,80.43775649794802,98.7688098495212,57.45554035567715,54.719562243502054,38.46153846153846,73.74343229116955
2024-02-03,86.36081863,100.0,80.43775649794802,98.7688098495212,57.45554035567715,54.719562243502054,38.46153846153846,73.74343229116955
2024-02-04,86.36081863,100.0,80.43775649794802,98.7688098495212,57.45554035567715,54.719562243502054,38.46153846153846,73.74343229116955
2024-02-05,78.70759284,67.24137931034483,69.76744186046511,81.1217510259918,53.83036935704515,51.57318741450068,38.46153846153846,62.957608609983716
2024-02-06,76.22780106,53.448275862068975,43.77564979480164,86.73050615595075,59.78112175102599,54.309165526675784,38.46153846153846,58.962008373151654
2024-02-07,84.05890634,74.13793103448276,70.4514363885089,96.30642954856361,59.50752393980848,69.08344733242133,38.46153846153846,70.2867447207605
2024-02-08,85.75220634,75.86206896551725,64.29548563611492,70.17783857729138,64.36388508891928,73.05061559507524,38.46153846153846,67.42337695206523
2024-02-09,85.75220634,75.86206896551725,64.29548563611492,70.17783857729138,64.36388508891928,73.05061559507524,38.46153846153846,67.42337695206523
2024-02-10,85.75220634,75.86206896551725,64.29548563611492,70.17783857729138,64.36388508891928,73.05061559507524,38.46153846153846,67.42337695206523
2024-02-11,85.75220634,75.86206896551725,64.29548563611492,70.17783857729138,64.36388508891928,73.05061559507524,38.46153846153846,67.42337695206523
2024-02-12,85.75220634,75.86206896551725,64.29548563611492,70.17783857729138,64.36388508891928,73.05061559507524,38.46153846153846,67.42337695206523
2024-02-13,92.83698007,79.31034482758622,86.32010943912448,22.02462380300958,54.58276333789329,82.9001367989056,38.46153846153846,65.20521381972252
2024-02-14,84.2099224,62.06896551724138,70.99863201094391,50.889192886456904,55.12995896032832,75.37619699042408,38.46153846153846,62.44777246099044
2024-02-15,81.41647076,46.55172413793104,67.71545827633378,57.45554035567715,57.45554035567715,79.20656634746922,38.46153846153846,61.18040552780383
2024-02-16,88.93389867,77.58620689655173,60.0547195622435,28.18057455540356,62.106703146374834,90.69767441860466,38.46153846153846,63.71733081581668
2024-02-17,88.93389867,77.58620689655173,60.0547195622435,28.18057455540356,62.106703146374834,90.69767441860466,38.46153846153846,63.71733081581668
2024-02-18,88.93389867,77.58620689655173,60.0547195622435,28.18057455540356,62.106703146374834,90.69767441860466,38.46153846153846,63.71733081581668
2024-02-19,98.23723233,100.0,60.32831737346102,78.52257181942545,54.58276333789329,92.47606019151847,38.46153846153846,74.65835478769097
2024-02-20,90.83608839,60.3448275862069,62.7906976744186,58.686730506155946,53.48837209302326,86.8673050615595,38.46153846153846,64.49650853898609
2024-02-21,88.90163512,53.448275862068975,61.14911080711354,75.9233926128591,48.358413132694935,86.593707250342,38.46153846153846,64.69086760665957
2024-02-22,91.43252754,60.3448275862069,51.29958960328317,74.55540355677155,51.641586867305065,84.95212038303693,38.46153846153846,64.66965628544887
2024-02-23,92.61462928,67.24137931034483,31.326949384404923,91.92886456908344,50.13679890560876,88.0984952120383,38.46153846153846,65.68695073185981
2024-02-24,92.61462928,67.24137931034483,31.326949384404923,91.92886456908344,50.13679890560876,88.0984952120383,38.46153846153846,65.68695073185981
2024-02-25,92.61462928,67.24137931034483,31.326949384404923,91.92886456908344,50.13679890560876,88.0984952120383,38.46153846153846,65.68695073185981
2024-02-26,86.68770825,48.27586206896552,9.849521203830369,93.57045143638851,56.0875512995896,83.44733242134062,38.46153846153846,59.4828521630933
2024-02-27,81.47607525,50.0,5.471956224350205,95.21203830369357,65.5950752393981,79.75376196990425,38.46153846153846,59.42434934984066
2024-02-28,88.31050672,53.448275862068975,8.891928864569083,54.99316005471957,70.51983584131327,78.6593707250342,38.46153846153846,56.1835166470348
2024-02-29,85.80919159,50.0,17.373461012311903,36.935704514363884,72.02462380300958,80.84815321477427,38.46153846153846,54.49323894228545
2024-03-01,85.80919159,50.0,17.373461012311903,36.935704514363884,72.02462380300958,80.84815321477427,41.275797373358344,54.89527592968829
2024-03-02,85.80919159,50.0,17.373461012311903,36.935704514363884,72.02462380300958,80.84815321477427,41.275797373358344,54.89527592968829
2024-03-03,85.80919159,50.0,17.373461012311903,36.935704514363884,72.02462380300958,80.84815321477427,41.275797373358344,54.89527592968829
2024-03-04,95.28905768,75.86206896551725,16.00547195622435,45.55403556771546,63.33789329685362,87.14090287277702,41.275797373358344,60.63788967320658
2024-03-05,88.63116959,55.172413793103445,12.038303693570452,77.4281805745554,66.27906976744187,74.4186046511628,41.275797373358344,59.32050563474176
2024-03-06,85.9039198,51.72413793103448,11.49110807113543,93.296853625171,64.02188782489739,51.02599179206566,41.275797373358344,56.96281377395176
2024-03-07,86.61262625,48.27586206896552,10.39671682626539,87.55129958960327,64.02188782489739,61.14911080711354,41.275797373358344,57.04047153431477
2024-03-08,94.99992721,63.79310344827586,25.99179206566348,86.8673050615595,64.02188782489739,69.90424076607387,41.275797373358344,63.83629339283262
2024-03-09,94.99992721,63.79310344827586,25.99179206566348,86.8673050615595,64.02188782489739,69.90424076607387,41.275797373358344,63.83629339283262
2024-03-10,94.99992721,63.79310344827586,25.99179206566348,86.8673050615595,64.02188782489739,69.90424076607387,41.275797373358344,63.83629339283262
2024-03-11,88.665047,46.55172413793104,12.585499316005471,58.82352941176471,54.03556771545828,53.76196990424076,41.275797373358344,50.8141621226798
2024-03-12,93.34696838,50.0,14.36388508891929,63.064295485636116,57.11354309165526,55.95075239398084,41.275797373358344,53.58789168764998
2024-03-13,96.48352004,55.172413793103445,29.548563611491108,64.97948016415869,68.53625170998632,49.3844049247606,41.275797373358344,57.91149023097979
2024-03-14,100.0,72.41379310344827,53.62517099863201,52.94117647058824,75.10259917920656,68.12585499316006,41.275797373358344,66.21205601691335
2024-03-15,86.93400324,48.27586206896552,43.365253077975375,23.25581395348837,70.51983584131327,57.59233926128591,41.275797373358344,53.03127211662668
2024-03-16,86.93400324,48.27586206896552,43.365253077975375,23.25581395348837,70.51983584131327,57.59233926128591,41.275797373358344,53.03127211662668
2024-03-17,86.93400324,48.27586206896552,43.365253077975375,23.25581395348837,70.51983584131327,57.59233926128591,41.275797373358344,53.03127211662668
2024-03-18,89.94326063,51.72413793103448,44.87004103967168,83.99452804377565,66.68946648426812,52.94117647058824,41.275797373358344,61.634058281813786
2024-03-19,82.70648532,41.3793103448276,46.6484268125855,55.67715458276334,71.81942544459645,29.822161422708614,41.275797373358344,52.761251614405694
2024-03-20,92.79348933,44.82758620689656,78.9329685362517,83.58413132694939,68.74145006839944,53.214774281805745,41.275797373358344,66.1957424462373
2024-03-21,100.0,62.06896551724138,97.2640218878249,92.74965800273598,60.80711354309165,73.73461012311901,41.275797373358344,75.41430949248162
2024-03-22,98.0004362,58.620689655172406,94.39124487004104,90.2872777017784,66.27906976744187,69.35704514363886,41.275797373358344,74.03022295877585
2024-03-23,98.0004362,58.620689655172406,94.39124487004104,90.2872777017784,66.27906976744187,69.35704514363886,41.275797373358344,74.03022295877585
2024-03-24,98.0004362,58.620689655172406,94.39124487004104,90.2872777017784,66.27906976744187,69.35704514363886,41.275797373358344,74.03022295877585
2024-03-25,94.63111451,50.0,87.68809849521205,85.90971272229821,62.85909712722299,63.88508891928865,41.275797373358344,69.46412987819717
2024-03-26,100.0,62.06896551724138,76.06019151846786,84.95212038303693,63.132694938440494,77.70177838577291,41.275797373358344,72.17022115947398
2024-03-27,98.73304312,60.3448275862069,61.55950752393981,56.0875512995896,65.86867305061558,79.61696306429549,41.275797373358344,66.21233757400081
2024-03-28,96.93907537,51.72413793103448,43.50205198358413,88.78248974008208,69.28864569083447,72.2298221614227,41.275797373358344,66.24886003575946
2024-03-29,98.64069993,51.72413793103448,31.874145006839942,85.49931600547195,70.10943912448701,75.78659370725033,41.275797373358344,64.98716129692029
2024-03-30,98.64069993,51.72413793103448,31.874145006839942,85.49931600547195,70.10943912448701,75.78659370725033,41.275797373358344,64.98716129692029
2024-03-31,98.64069993,51.72413793103448,31.874145006839942,85.49931600547195,70.10943912448701,75.78659370725033,41.275797373358344,64.98716129692029
2024-04-01,97.5538327,53.448275862068975,36.388508891928865,79.48016415868673,66.27906976744187,67.44186046511628,44.13696060037523,63.53266749223114
2024-04-02,100.0,53.448275862068975,42.40766073871409,84.40492476060192,67.03146374829001,76.60738714090287,44.13696060037523,66.86238183585043
2024-04-03,89.02884978,43.10344827586207,38.03009575923393,47.46922024623803,59.37072503419974,70.4514363885089,44.13696060037523,55.94153372634541
2024-04-04,97.69348306,53.448275862068975,45.82763337893297,73.87140902872777,64.84268125854993,77.29138166894664,44.13696060037523,65.30168926537165
2024-04-05,90.67052453,48.27586206896552,50.88919288645691,51.29958960328318,53.214774281805745,64.70588235294117,44.13696060037523,57.598969474832536
2024-04-06,90.67052453,48.27586206896552,50.88919288645691,51.29958960328318,53.214774281805745,64.70588235294117,44.13696060037523,57.598969474832536
2024-04-07,90.67052453,48.27586206896552,50.88919288645691,51.29958960328318,53.214774281805745,64.70588235294117,44.13696060037523,57.598969474832536
2024-04-08,91.47188449,44.82758620689656,66.07387140902873,81.94254445964432,52.53077975376197,72.91381668946649,44.13696060037523,64.84249194416762
2024-04-09,87.29514256,46.55172413793104,63.88508891928865,49.247606019151846,53.48837209302326,65.2530779753762,44.13696060037523,58.55113890073517
2024-04-10,87.29514256,46.55172413793104,63.88508891928865,49.247606019151846,53.48837209302326,65.2530779753762,44.13696060037523,58.55113890073517
2024-04-11,87.35365292,39.65517241379311,66.75786593707251,48.01641586867304,54.240766073871406,64.97948016415869,44.13696060037523,57.87718771113486
2024-04-12,81.3499699,37.93103448275863,63.064295485636116,44.18604651162791,59.78112175102599,45.00683994528044,44.13696060037523,53.63660981095776
2024-04-13,81.3499699,37.93103448275863,63.064295485636116,44.18604651162791,59.78112175102599,45.00683994528044,44.13696060037523,53.63660981095776
2024-04-14,81.3499699,37.93103448275863,63.064295485636116,44.18604651162791,59.78112175102599,45.00683994528044,44.13696060037523,53.63660981095776
2024-04-15,77.8334272,29.31034482758621,64.56908344733242,38.85088919288646,48.90560875512996,57.729138166894664,44.13696060037523,51.61935031288642
2024-04-16,63.82956916,15.517241379310343,23.25581395348837,27.496580027359784,37.072503419972634,32.14774281805746,44.13696060037523,34.779487336937684
2024-04-17,57.34383127,18.965517241379317,20.51983584131327,65.38987688098496,36.11491108071135,30.779753761969907,44.13696060037523,39.03581238239058
2024-04-18,66.82394727,58.620689655172406,51.43638850889193,88.0984952120383,42.270861833105336,31.190150478796173,44.13696060037523,54.65392765119706
2024-04-19,56.31364372,37.93103448275863,65.80027359781123,1.2311901504788003,26.470588235294112,8.207934336525312,44.13696060037523,34.29880358903476
2024-04-20,56.31364372,37.93103448275863,65.80027359781123,1.2311901504788003,26.470588235294112,8.207934336525312,44.13696060037523,34.29880358903476
2024-04-21,56.31364372,37.93103448275863,65.80027359781123,1.2311901504788003,26.470588235294112,8.207934336525312,44.13696060037523,34.29880358903476
2024-04-22,62.6748719,50.0,48.15321477428181,27.770177838577293,38.64569083447332,15.458276333789334,44.13696060037523,40.97702746878529
2024-04-23,60.76167002,48.27586206896552,45.55403556771546,61.696306429548564,45.00683994528044,16.142270861833108,44.13696060037523,45.93913507053119
2024-04-24,72.1624288,55.172413793103445,50.341997264021884,28.727770177838575,54.58276333789329,21.751025991792062,44.13696060037523,46.69647999500351
2024-04-25,60.51043243,43.10344827586207,34.33652530779754,74.28180574555402,45.759233926128594,14.6374829001368,44.13696060037523,45.252269883693465
2024-04-26,67.05562974,58.620689655172406,52.94117647058824,55.81395348837209,49.86320109439124,21.340629274965806,44.13696060037523,49.967462903409285
2024-04-27,67.05562974,58.620689655172406,52.94117647058824,55.81395348837209,49.86320109439124,21.340629274965806,44.13696060037523,49.967462903409285
2024-04-28,67.05562974,58.620689655172406,52.94117647058824,55.81395348837209,49.86320109439124,21.340629274965806,44.13696060037523,49.967462903409285
2024-04-29,71.79257935,62.06896551724138,72.77701778385773,38.57729138166894,53.00957592339262,25.034199726402186,44.13696060037523,52.48522718327687
2024-04-30,72.10330483,50.0,72.2298221614227,30.36935704514364,52.7359781121751,26.67578659370725,44.13696060037523,49.75017276326056
2024-05-01,72.10330483,50.0,72.2298221614227,30.36935704514364,52.7359781121751,26.67578659370725,46.99812382739212,50.15891036712012
2024-05-02,70.11332775,50.0,62.517099863201096,51.162790697674424,56.29274965800274,20.246238030095764,46.99812382739212,51.04718997519517
2024-05-03,68.23162944,51.72413793103448,49.3844049247606,79.75376196990425,61.14911080711354,29.958960328317374,46.99812382739212,55.314304175503196
2024-05-04,68.23162944,51.72413793103448,49.3844049247606,79.75376196990425,61.14911080711354,29.958960328317374,46.99812382739212,55.314304175503196
2024-05-05,68.23162944,51.72413793103448,49.3844049247606,79.75376196990425,61.14911080711354,29.958960328317374,46.99812382739212,55.314304175503196
2024-05-06,68.23162944,51.72413793103448,49.3844049247606,79.75376196990425,61.14911080711354,29.958960328317374,46.99812382739212,55.314304175503196
2024-05-07,81.96461358,51.72413793103448,75.23939808481532,16.96306429548564,64.6374829001368,35.56771545827634,46.99812382739212,53.29921943959153
2024-05-08,83.25446176,55.172413793103445,61.96990424076607,52.80437756497949,75.51299589603283,49.79480164158687,46.99812382739212,60.78672553198012
2024-05-09,74.32834206,50.0,60.601915184678525,50.615595075239405,75.23939808481532,33.515731874145004,46.99812382739212,55.899872300895765
2024-05-10,77.40833928,63.79310344827586,81.80574555403557,67.44186046511628,76.33378932968536,42.40766073871409,46.99812382739212,65.16980323474561
2024-05-11,77.40833928,63.79310344827586,81.80574555403557,67.44186046511628,76.33378932968536,42.40766073871409,46.99812382739212,65.16980323474561
2024-05-12,77.40833928,63.79310344827586,81.80574555403557,67.44186046511628,76.33378932968536,42.40766073871409,46.99812382739212,65.16980323474561
2024-05-13,76.71565165,68.96551724137932,89.05608755129958,28.0437756497948,73.59781121751026,38.98768809849521,46.99812382739212,60.337807890838754
2024-05-14,76.20148616,56.896551724137936,79.75376196990423,12.17510259917921,72.50341997264023,50.615595075239405,46.99812382739212,56.4491487612133
2024-05-15,76.20148616,56.896551724137936,79.75376196990423,12.17510259917921,72.50341997264023,50.615595075239405,46.99812382739212,56.4491487612133
2024-05-16,81.18950679,75.86206896551725,87.96169630642954,36.52530779753762,78.31737346101231,58.5499316005472,46.99812382739212,66.4862869640623
2024-05-17,74.26468286,51.72413793103448,71.9562243502052,83.72093023255813,78.31737346101231,67.30506155950752,46.99812382739212,67.75521917452997
2024-05-18,74.26468286,51.72413793103448,71.9562243502052,83.72093023255813,78.31737346101231,67.30506155950752,46.99812382739212,67.75521917452997
2024-05-19,74.26468286,51.72413793103448,71.9562243502052,83.72093023255813,78.31737346101231,67.30506155950752,46.99812382739212,67.75521917452997
2024-05-20,78.51451609,60.3448275862069,88.78248974008208,87.41450068399452,78.59097127222982,78.11217510259918,46.99812382739212,74.10822918607208
2024-05-21,74.59117763,58.620689655172406,82.21614227086184,85.3625170998632,79.48016415868673,67.03146374829001,46.99812382739212,70.61432548432376
2024-05-22,73.89850885,55.172413793103445,60.73871409028728,87.96169630642954,79.95896032831737,75.51299589603283,46.99812382739212,68.60591615593752
2024-05-23,73.75907427,44.82758620689656,51.57318741450069,97.67441860465115,82.83173734610124,67.9890560875513,46.99812382739212,66.52188339387044
2024-05-24,64.60063005,43.10344827586207,50.06839945280438,92.0656634746922,81.53214774281805,59.91792065663475,46.99812382739212,62.6123333543148
2024-05-25,64.60063005,43.10344827586207,50.06839945280438,92.0656634746922,81.53214774281805,59.91792065663475,46.99812382739212,62.6123333543148
2024-05-26,64.60063005,43.10344827586207,50.06839945280438,92.0656634746922,81.53214774281805,59.91792065663475,46.99812382739212,62.6123333543148
2024-05-27,72.13986145,67.24137931034483,64.70588235294117,86.18331053351574,83.03693570451436,53.07797537619698,46.99812382739212,67.62620979355789
2024-05-28,71.96952922,62.06896551724138,64.84268125854993,47.8796169630643,84.19972640218877,66.62106703146375,46.99812382739212,63.51138717427147
2024-05-29,61.57724161,37.93103448275863,35.43091655266758,64.84268125854993,80.43775649794802,43.09165526675787,46.99812382739212,52.90134421372488
2024-05-30,51.43848327,31.034482758620697,16.82626538987688,26.265389876880985,70.7250341997264,21.614227086183313,46.99812382739212,37.843143772668626
2024-05-31,50.36115135,44.82758620689656,25.581395348837212,51.98358413132696,68.94664842681259,21.067031463748286,46.99812382739212,44.25221725071624
2024-06-01,50.36115135,44.82758620689656,25.581395348837212,51.98358413132696,68.94664842681259,21.067031463748286,49.85928705440901,44.6609548545758
2024-06-02,50.36115135,44.82758620689656,25.581395348837212,51.98358413132696,68.94664842681259,21.067031463748286,49.85928705440901,44.6609548545758
2024-06-03,61.41579097,51.72413793103448,67.9890560875513,61.96990424076607,73.05061559507524,37.61969904240766,49.85928705440901,57.66121298874912
2024-06-04,56.43642996,44.82758620689656,52.1203830369357,65.80027359781123,73.39261285909713,30.50615595075239,49.85928705440901,53.27753266655743
2024-06-05,62.2374293,48.27586206896552,40.355677154582764,95.48563611491107,73.93980848153214,21.203830369357046,49.85928705440901,55.90821864910822
2024-06-06,62.2374293,48.27586206896552,40.355677154582764,95.48563611491107,73.93980848153214,21.203830369357046,49.85928705440901,55.90821864910822
2024-06-07,69.62185232,51.72413793103448,20.930232558139537,72.77701778385773,73.39261285909713,26.949384404924757,49.85928705440901,52.179217844494666
2024-06-08,69.62185232,51.72413793103448,20.930232558139537,72.77701778385773,73.39261285909713,26.949384404924757,49.85928705440901,52.179217844494666
2024-06-09,69.62185232,51.72413793103448,20.930232558139537,72.77701778385773,73.39261285909713,26.949384404924757,49.85928705440901,52.179217844494666
2024-06-10,63.01746411,46.55172413793104,25.718194254445965,77.70177838577291,65.38987688098496,30.23255813953488,49.85928705440901,51.210126137582684
2024-06-11,63.01343052,46.55172413793104,23.93980848153215,81.53214774281805,65.5950752393981,26.128590971272224,49.85928705440901,50.945723449622946
2024-06-12,67.90426947,62.06896551724138,35.56771545827633,90.15047879616964,62.24350205198359,32.010943912448695,49.85928705440901,57.11502318007552
2024-06-13,73.10357648,60.3448275862069,42.13406292749658,31.190150478796173,74.89740082079344,40.21887824897401,49.85928705440901,53.106883370953724
2024-06-14,74.5270337,60.3448275862069,61.696306429548564,24.35020519835841,77.83857729138167,37.2093023255814,49.85928705440901,55.117934226498
2024-06-15,74.5270337,60.3448275862069,61.696306429548564,24.35020519835841,77.83857729138167,37.2093023255814,49.85928705440901,55.117934226498
2024-06-16,74.5270337,60.3448275862069,61.696306429548564,24.35020519835841,77.83857729138167,37.2093023255814,49.85928705440901,55.117934226498
2024-06-17,70.68523997,62.06896551724138,50.752393980848154,20.383036935704514,72.77701778385773,40.35567715458276,49.85928705440901,52.411659770949086
2024-06-18,76.28166482,56.896551724137936,58.686730506155946,41.03967168262655,75.99179206566347,39.67168262653898,49.85928705440901,56.91819721136171
2024-06-19,84.05647109,55.172413793103445,71.40902872777018,59.50752393980848,76.1969904240766,56.634746922024625,49.85928705440901,64.69092313588463
2024-06-20,86.23916349,53.448275862068975,93.57045143638851,69.35704514363886,73.93980848153214,62.927496580027366,49.85928705440901,69.90593257829497
2024-06-21,79.59523877,46.55172413793104,74.82900136798905,29.001367989056092,74.89740082079344,54.03556771545828,49.85928705440901,58.395655407948134
2024-06-22,79.59523877,46.55172413793104,74.82900136798905,29.001367989056092,74.89740082079344,54.03556771545828,49.85928705440901,58.395655407948134
2024-06-23,79.59523877,46.55172413793104,74.82900136798905,29.001367989056092,74.89740082079344,54.03556771545828,49.85928705440901,58.395655407948134
2024-06-24,75.23802811,46.55172413793104,79.48016415868673,74.4186046511628,67.64705882352942,60.87551299589603,49.85928705440901,64.86719713308786
2024-06-25,77.08036533,50.0,94.52804377564979,58.96032831737345,68.05745554035568,52.53077975376197,49.85928705440901,64.43089425307856
2024-06-26,81.56731147,51.72413793103448,94.66484268125855,67.71545827633378,72.29822161422709,60.191518467852255,49.85928705440901,68.28868249930215
2024-06-27,79.99582853,43.10344827586207,81.25854993160054,59.097127222982216,73.73461012311901,69.49384404924761,49.85928705440901,65.22038502674579
2024-06-28,82.30913545,56.896551724137936,93.43365253077975,24.48700410396717,77.29138166894664,80.57455540355677,49.85928705440901,66.40736684797105
2024-06-29,82.30913545,56.896551724137936,93.43365253077975,24.48700410396717,77.29138166894664,80.57455540355677,49.85928705440901,66.40736684797105
2024-06-30,82.30913545,56.896551724137936,93.43365253077975,24.48700410396717,77.29138166894664,80.57455540355677,49.85928705440901,66.40736684797105
2024-07-01,82.36978129,53.448275862068975,78.6593707250342,25.99179206566348,77.56497948016417,81.66894664842681,52.72045028142589,64.63194233611192
2024-07-02,77.03411116,37.93103448275863,65.66347469220246,78.11217510259918,79.00136798905608,66.89466484268125,52.72045028142589,65.33675407867479
2024-07-03,79.84497026,44.82758620689656,38.7140902872777,50.341997264021884,81.05335157318741,75.23939808481532,52.72045028142589,60.39169199394639
2024-07-04,87.8113689,56.896551724137936,32.14774281805746,98.63201094391245,75.78659370725033,76.88098495212039,52.72045028142589,68.69652904670065
2024-07-05,98.30678413,60.3448275862069,27.63337893296854,92.20246238030096,72.64021887824897,78.79616963064295,52.72045028142589,68.94918454568489
2024-07-06,98.30678413,60.3448275862069,27.63337893296854,92.20246238030096,72.64021887824897,78.79616963064295,52.72045028142589,68.94918454568489
2024-07-07,98.30678413,60.3448275862069,27.63337893296854,92.20246238030096,72.64021887824897,78.79616963064295,52.72045028142589,68.94918454568489
2024-07-08,96.18559123,50.0,37.48290013679891,82.07934336525308,70.99863201094392,82.76333789329685,52.72045028142589,67.46146498824552
2024-07-09,97.66402148,53.448275862068975,37.34610123119015,72.2298221614227,76.47058823529412,83.72093023255813,52.72045028142589,67.65716992628
2024-07-10,96.75475476,55.172413793103445,42.54445964432285,82.21614227086184,77.4281805745554,80.1641586867305,52.72045028142589,69.57150857299999
2024-07-11,100.0,63.79310344827586,37.75649794801642,83.85772913816689,77.15458276333788,80.02735978112176,52.72045028142589,70.75853190862067
2024-07-12,89.64336825,51.72413793103448,21.751025991792066,19.835841313269498,75.64979480164159,68.94664842681259,52.72045028142589,54.32446671371087
2024-07-13,89.64336825,51.72413793103448,21.751025991792066,19.835841313269498,75.64979480164159,68.94664842681259,52.72045028142589,54.32446671371087
2024-07-14,89.64336825,51.72413793103448,21.751025991792066,19.835841313269498,75.64979480164159,68.94664842681259,52.72045028142589,54.32446671371087
2024-07-15,91.4032419,63.79310344827586,26.949384404924757,5.471956224350205,75.37619699042408,74.69220246238031,52.72045028142589,55.772362244540155
2024-07-16,93.01477817,55.172413793103445,48.97400820793434,36.66210670314638,75.99179206566347,71.40902872777018,52.72045028142589,61.9920825641491
2024-07-17,86.4628343,58.620689655172406,43.63885088919289,47.332421340629274,74.55540355677155,55.266757865937066,52.72045028142589,59.799629698447006
2024-07-18,81.84922276,51.72413793103448,36.79890560875513,60.328317373461005,71.54582763337893,41.99726402188782,52.72045028142589,56.70916080142046
2024-07-19,73.23682651,41.3793103448276,24.623803009575923,28.864569083447332,63.679890560875506,40.62927496580028,52.72045028142589,46.44773210799322
2024-07-20,73.23682651,41.3793103448276,24.623803009575923,28.864569083447332,63.679890560875506,40.62927496580028,52.72045028142589,46.44773210799322
2024-07-21,73.23682651,41.3793103448276,24.623803009575923,28.864569083447332,63.679890560875506,40.62927496580028,52.72045028142589,46.44773210799322
2024-07-22,66.22602237,39.65517241379311,22.845417236662108,76.06019151846786,49.247606019151846,36.388508891928865,52.72045028142589,49.02048124734709
2024-07-23,68.37602485,41.3793103448276,20.24623803009576,70.31463748290014,61.696306429548564,38.16689466484268,52.72045028142589,50.41426601194866
2024-07-24,63.12503208,44.82758620689656,17.920656634746923,79.89056087551299,61.901504787961706,22.435020519835845,52.72045028142589,48.9744016266257
2024-07-25,51.06069384,32.758620689655174,3.4199726402188784,32.421340629274965,46.6484268125855,12.995896032831734,52.72045028142589,33.1464858465703
2024-07-26,55.17053577,56.896551724137936,25.03419972640219,90.01367989056087,55.12995896032832,14.911080711354307,52.72045028142589,49.98235100917278
2024-07-27,55.17053577,56.896551724137936,25.03419972640219,90.01367989056087,55.12995896032832,14.911080711354307,52.72045028142589,49.98235100917278
2024-07-28,55.17053577,56.896551724137936,25.03419972640219,90.01367989056087,55.12995896032832,14.911080711354307,52.72045028142589,49.98235100917278
2024-07-29,61.69066232,63.79310344827586,35.841313269493845,68.2626538987688,61.14911080711354,18.878248974008205,52.72045028142589,51.76222042844088
2024-07-30,55.13570392,37.93103448275863,19.015047879616965,70.86183310533517,57.797537619699035,19.015047879616965,52.72045028142589,44.6395221669218
2024-07-31,63.35136649,56.896551724137936,38.303693570451436,72.50341997264023,61.14911080711354,24.62380300957593,52.72045028142589,52.79262797933499
2024-08-01,62.89505234,65.51724137931035,46.51162790697674,55.266757865937066,66.68946648426812,16.689466484268124,55.628517823639775,52.74259004062859
2024-08-02,38.49493763,36.206896551724135,18.6046511627907,2.3255813953488413,22.777017783857733,1.3679890560875485,55.628517823639775,25.057941629064107
2024-08-03,38.49493763,36.206896551724135,18.6046511627907,2.3255813953488413,22.777017783857733,1.3679890560875485,55.628517823639775,25.057941629064107
2024-08-04,38.49493763,36.206896551724135,18.6046511627907,2.3255813953488413,22.777017783857733,1.3679890560875485,55.628517823639775,25.057941629064107
2024-08-05,0.0,0.0,0.27359781121751026,13.543091655266759,0.0,0.0,55.628517823639775,9.92074389858915
2024-08-06,13.60700708,55.26315789473684,5.88235294117647,6.155950752393979,0.2735978112175075,0.1367989056087593,55.628517823639775,19.563911886967617
2024-08-07,23.79587432,61.8421052631579,12.448700410396716,88.37209302325581,5.198358413132698,0.41039671682626677,55.628517823639775,35.38514942434416
2024-08-08,20.5298171,59.210526315789465,10.94391244870041,62.106703146374834,5.882352941176472,0.2735978112175075,55.628517823639775,30.653632512414067
2024-08-09,27.13006429,60.526315789473685,27.086183310533517,62.24350205198359,8.891928864569088,0.5471956224350261,55.628517823639775,34.579101107519236
2024-08-10,27.13006429,60.526315789473685,27.086183310533517,62.24350205198359,8.891928864569088,0.5471956224350261,55.628517823639775,34.579101107519236
2024-08-11,27.13006429,60.526315789473685,27.086183310533517,62.24350205198359,8.891928864569088,0.5471956224350261,55.628517823639775,34.579101107519236
2024-08-12,32.72846914,61.8421052631579,28.864569083447332,54.03556771545828,13.679890560875519,0.8207934336525335,55.628517823639775,35.37141614574734
2024-08-13,34.63014139,63.1578947368421,24.21340629274966,6.976744186046513,16.005471956224348,0.9575923392612817,55.628517823639775,28.795681246394814
2024-08-14,39.24038528,64.47368421052632,30.779753761969904,10.670314637482903,20.79343365253078,1.2311901504788003,55.628517823639775,31.831039930946925
2024-08-15,39.24038528,64.47368421052632,30.779753761969904,10.670314637482903,20.79343365253078,1.2311901504788003,55.628517823639775,31.831039930946925
2024-08-16,51.07428695,60.526315789473685,39.12448700410397,57.045143638850895,38.09849521203831,6.566347469220246,55.628517823639775,44.00908484104669
2024-08-17,51.07428695,60.526315789473685,39.12448700410397,57.045143638850895,38.09849521203831,6.566347469220246,55.628517823639775,44.00908484104669
2024-08-18,51.07428695,60.526315789473685,39.12448700410397,57.045143638850895,38.09849521203831,6.566347469220246,55.628517823639775,44.00908484104669
2024-08-19,45.97003793,65.78947368421052,34.74692202462381,0.8207934336525335,16.82626538987688,6.976744186046513,55.628517823639775,32.39410778172144
2024-08-20,50.60273495,71.05263157894737,40.49247606019152,27.633378932968533,28.659370725034194,15.184678522571815,55.628517823639775,41.32196979905046
2024-08-21,49.46089015,72.36842105263158,42.818057455540355,65.2530779753762,26.88098495212038,12.311901504787958,55.628517823639775,46.38883584487089
2024-08-22,50.53915493,65.78947368421052,41.99726402188782,37.756497948016424,27.086183310533517,17.373461012311896,55.628517823639775,42.310078961514286
2024-08-23,48.76865688,73.68421052631578,39.808481532147745,37.61969904240766,25.85499316005472,28.454172366621066,55.628517823639775,44.25981876159811
2024-08-24,48.76865688,73.68421052631578,39.808481532147745,37.61969904240766,25.85499316005472,28.454172366621066,55.628517823639775,44.25981876159811
2024-08-25,48.76865688,73.68421052631578,39.808481532147745,37.61969904240766,25.85499316005472,28.454172366621066,55.628517823639775,44.25981876159811
2024-08-26,46.46883529,76.31578947368422,35.294117647058826,62.51709986320109,29.480164158686726,19.562243502051977,55.628517823639775,46.4666811083318
2024-08-27,43.99155369,65.78947368421052,25.170998632010942,55.40355677154582,39.05608755129959,14.50068399452804,55.628517823639775,42.79155316389067
2024-08-28,44.87559036,64.47368421052632,16.27906976744186,38.44049247606019,42.47606019151847,19.972640218878247,55.628517823639775,40.30657929258069
2024-08-29,37.65737877,63.1578947368421,8.481532147742818,41.17647058823529,38.64569083447332,7.934336525307795,55.628517823639775,36.09740306089159
2024-08-30,39.60278159,63.1578947368421,13.679890560875513,40.902872777017784,46.0328317373461,10.123119015047877,55.628517823639775,38.446844034395596
2024-08-31,39.60278159,63.1578947368421,13.679890560875513,40.902872777017784,46.0328317373461,10.123119015047877,55.628517823639775,38.446844034395596
2024-09-01,39.60278159,63.1578947368421,13.679890560875513,40.902872777017784,46.0328317373461,10.123119015047877,58.489681050656664,38.85558163825515
2024-09-02,40.27496861,56.57894736842105,13.953488372093023,48.29001367989056,42.74965800273598,38.85088919288646,58.489681050656664,42.74109232524053
2024-09-03,35.7671509,57.89473684210525,14.6374829001368,12.038303693570452,39.398084815321475,89.87688098495212,58.489681050656664,44.01461731239182
2024-09-04,19.1604347,52.63157894736842,6.019151846785226,0.2735978112175075,9.439124487004102,56.0875512995896,58.489681050656664,28.87158859180307
2024-09-05,18.25469808,51.315789473684205,4.240766073871409,3.5567715458276306,11.08071135430917,34.74692202462381,58.489681050656664,25.95504851471041
2024-09-06,13.52255127,47.368421052631575,1.5047879616963065,6.839945280437753,8.344733242134062,29.411764705882348,58.489681050656664,23.640269223348387
2024-09-07,13.52255127,47.368421052631575,1.5047879616963065,6.839945280437753,8.344733242134062,29.411764705882348,58.489681050656664,23.640269223348387
2024-09-08,13.52255127,47.368421052631575,1.5047879616963065,6.839945280437753,8.344733242134062,29.411764705882348,58.489681050656664,23.640269223348387
2024-09-09,10.74235749,47.368421052631575,2.3255813953488373,8.207934336525312,10.94391244870041,16.96306429548564,58.489681050656664,22.148707438478347
2024-09-10,8.618935257,50.0,2.7359781121751023,2.599179206566349,15.731874145006842,9.439124487004102,58.489681050656664,21.087824608344153
2024-09-11,5.00021085,48.68421052631579,1.3679890560875512,0.9575923392612817,14.50068399452804,5.471956224350205,58.489681050656664,19.210332005885647
2024-09-12,16.51020714,57.89473684210525,12.859097127222983,25.170998632010942,23.25581395348837,11.08071135430917,58.489681050656664,29.32303515711334
2024-09-13,16.5431604,59.210526315789465,25.444596443228455,71.13543091655266,23.597811217510255,3.283173734610123,58.489681050656664,36.81491143976395
2024-09-14,16.5431604,59.210526315789465,25.444596443228455,71.13543091655266,23.597811217510255,3.283173734610123,58.489681050656664,36.81491143976395
2024-09-15,16.5431604,59.210526315789465,25.444596443228455,71.13543091655266,23.597811217510255,3.283173734610123,58.489681050656664,36.81491143976395
2024-09-16,16.5431604,59.210526315789465,25.444596443228455,71.13543091655266,23.597811217510255,3.283173734610123,58.489681050656664,36.81491143976395
2024-09-17,16.5431604,59.210526315789465,25.444596443228455,71.13543091655266,23.597811217510255,3.283173734610123,58.489681050656664,36.81491143976395
2024-09-18,16.5431604,59.210526315789465,25.444596443228455,71.13543091655266,23.597811217510255,3.283173734610123,58.489681050656664,36.81491143976395
2024-09-19,16.15581158,57.89473684210525,30.23255813953488,52.39398084815321,20.246238030095764,5.198358413132698,58.489681050656664,34.37305212909692
2024-09-20,18.25447741,61.8421052631579,49.52120383036936,64.15868673050615,29.138166894664842,3.830369357045149,58.489681050656664,40.74781293377144
2024-09-21,18.25447741,61.8421052631579,49.52120383036936,64.15868673050615,29.138166894664842,3.830369357045149,58.489681050656664,40.74781293377144
2024-09-22,18.25447741,61.8421052631579,49.52120383036936,64.15868673050615,29.138166894664842,3.830369357045149,58.489681050656664,40.74781293377144
2024-09-23,19.91119572,56.57894736842105,44.59644322845418,61.2859097127223,24.760601915184676,5.335157318741446,58.489681050656664,38.70827661631147
2024-09-24,25.33950419,61.8421052631579,58.276333789329684,91.51846785225717,19.835841313269498,7.660738714090288,58.489681050656664,46.13752459610875
2024-09-25,18.70209482,57.89473684210525,46.37482900136799,89.60328317373461,15.458276333789334,4.240766073871405,58.489681050656664,41.53766675650361
2024-09-26,35.2497568,61.8421052631579,63.611491108071135,90.69767441860466,10.670314637482903,18.741450068399455,58.489681050656664,48.47178190662466
2024-09-27,31.97649979,57.89473684210525,58.41313269493844,39.26128590971272,11.627906976744185,15.321477428180575,58.489681050656664,38.99781724176255
2024-09-28,31.97649979,57.89473684210525,58.41313269493844,39.26128590971272,11.627906976744185,15.321477428180575,58.489681050656664,38.99781724176255
2024-09-29,31.97649979,57.89473684210525,58.41313269493844,39.26128590971272,11.627906976744185,15.321477428180575,58.489681050656664,38.99781724176255
2024-09-30,19.67047157,55.26315789473684,37.61969904240766,78.6593707250342,11.354309165526677,5.882352941176472,58.489681050656664,38.13414891279121
2024-10-01,19.67047157,55.26315789473684,37.61969904240766,78.6593707250342,11.354309165526677,5.882352941176472,61.350844277673545,38.54288651665077
2024-10-02,14.47162925,53.94736842105262,21.61422708618331,99.45280437756499,9.71272229822161,4.78796169630643,61.350844277673545,37.905365343857504
2024-10-03,14.47162925,53.94736842105262,21.61422708618331,99.45280437756499,9.71272229822161,4.78796169630643,61.350844277673545,37.905365343857504
2024-10-04,16.22403145,60.526315789473685,32.83173734610123,94.39124487004104,9.986320109439129,5.745554035567713,61.350844277673545,40.150863982613764
2024-10-05,16.22403145,60.526315789473685,32.83173734610123,94.39124487004104,9.986320109439129,5.745554035567713,61.350844277673545,40.150863982613764
2024-10-06,16.22403145,60.526315789473685,32.83173734610123,94.39124487004104,9.986320109439129,5.745554035567713,61.350844277673545,40.150863982613764
2024-10-07,24.24086922,64.47368421052632,49.247606019151846,80.02735978112176,11.491108071135436,11.491108071135436,61.350844277673545,43.18893995010633
2024-10-08,20.28698277,56.57894736842105,37.2093023255814,66.34746922024624,10.807113543091651,10.807113543091651,61.350844277673545,37.62682472115794
2024-10-09,20.28698277,56.57894736842105,37.2093023255814,66.34746922024624,10.807113543091651,10.807113543091651,61.350844277673545,37.62682472115794
2024-10-10,21.98040072,61.8421052631579,59.91792065663475,68.67305061559507,16.689466484268124,34.19972640218878,61.350844277673545,46.37907348850259
2024-10-11,22.57864081,65.78947368421052,64.43228454172366,48.15321477428181,21.614227086183313,36.66210670314638,61.350844277673545,45.79725598245989
2024-10-12,22.57864081,65.78947368421052,64.43228454172366,48.15321477428181,21.614227086183313,36.66210670314638,61.350844277673545,45.79725598245989
2024-10-13,22.57864081,65.78947368421052,64.43228454172366,48.15321477428181,21.614227086183313,36.66210670314638,61.350844277673545,45.79725598245989
2024-10-14,28.77479091,64.47368421052632,63.33789329685362,57.729138166894664,22.571819425444595,61.01231190150479,61.350844277673545,51.32149745555679
2024-10-15,30.83333701,64.47368421052632,52.667578659370726,24.62380300957593,26.128590971272224,65.66347469220246,61.350844277673545,46.53447326151731
2024-10-16,25.8620222,63.1578947368421,53.214774281805745,65.11627906976744,23.939808481532143,61.83310533515731,61.350844277673545,50.63924691182547
2024-10-17,26.75807342,63.1578947368421,48.290013679890556,79.34336525307796,28.11217510259918,71.68262653898769,61.350844277673545,54.099284715581575
2024-10-18,23.85409933,59.210526315789465,30.36935704514364,42.54445964432284,30.64295485636115,47.74281805745554,61.350844277673545,42.245008503820884
2024-10-19,23.85409933,59.210526315789465,30.36935704514364,42.54445964432284,30.64295485636115,47.74281805745554,61.350844277673545,42.245008503820884
2024-10-20,23.85409933,59.210526315789465,30.36935704514364,42.54445964432284,30.64295485636115,47.74281805745554,61.350844277673545,42.245008503820884
2024-10-21,25.7349079,67.10526315789474,29.138166894664842,52.53077975376197,30.095759233926135,52.39398084815321,61.350844277673545,45.47852886658207
2024-10-22,19.74915591,56.57894736842105,22.70861833105335,24.076607387140903,23.392612859097127,41.17647058823529,61.350844277673545,35.57617953166018
2024-10-23,25.62323801,53.94736842105262,30.506155950752394,70.58823529411764,24.48700410396717,48.97400820793434,61.350844277673545,45.06812203792824
2024-10-24,21.0615519,46.05263157894737,34.883720930232556,12.722298221614226,20.93023255813954,33.10533515731874,61.350844277673545,32.87237351770371
2024-10-25,21.90963874,47.368421052631575,46.785225718194255,78.9329685362517,20.65663474692202,25.170998632010942,61.350844277673545,43.167818814812
2024-10-26,21.90963874,47.368421052631575,46.785225718194255,78.9329685362517,20.65663474692202,25.170998632010942,61.350844277673545,43.167818814812
2024-10-27,21.90963874,47.368421052631575,46.785225718194255,78.9329685362517,20.65663474692202,25.170998632010942,61.350844277673545,43.167818814812
2024-10-28,27.34181503,60.526315789473685,48.837209302325576,59.64432284541723,22.16142270861833,52.1203830369357,61.350844277673545,47.426044712920586
2024-10-29,28.82837405,56.57894736842105,55.677154582763336,40.21887824897401,25.170998632010942,23.939808481532143,61.350844277673545,41.680715091625004
2024-10-30,24.4300269,64.47368421052632,62.653898768809846,51.02599179206566,24.35020519835841,22.02462380300958,61.350844277673545,44.32989642149191
2024-10-31,16.87142877,55.26315789473684,58.5499316005472,21.88782489740082,18.33105335157319,29.001367989056092,61.350844277673545,37.32222982585539
2024-11-01,14.55957714,55.26315789473684,39.261285909712726,61.14911080711354,17.23666210670315,37.893296853625166,70.0281425891182,42.19874761442994
2024-11-02,14.55957714,55.26315789473684,39.261285909712726,61.14911080711354,17.23666210670315,37.893296853625166,70.0281425891182,42.19874761442994
2024-11-03,14.55957714,55.26315789473684,39.261285909712726,61.14911080711354,17.23666210670315,37.893296853625166,70.0281425891182,42.19874761442994
2024-11-04,23.17034077,59.210526315789465,49.658002735978116,97.94801641586868,17.510259917920656,49.52120383036935,70.0281425891182,52.43521322500635
2024-11-05,20.4891292,61.8421052631579,43.912448700410394,87.27770177838578,18.741450068399455,23.529411764705888,70.0281425891182,46.54576990916822
2024-11-06,19.57442909,55.26315789473684,61.42270861833106,17.647058823529417,31.053351573187417,31.73734610123119,70.0281425891182,40.96088495573345
2024-11-07,20.1910624,57.89473684210525,70.58823529411765,58.00273597811218,38.85088919288646,28.590971272229826,70.0281425891182,49.16382479550994
2024-11-08,18.85585603,56.57894736842105,80.71135430916553,12.448700410396718,44.59644322845418,24.48700410396717,70.0281425891182,43.95806400564612
2024-11-09,18.85585603,56.57894736842105,80.71135430916553,12.448700410396718,44.59644322845418,24.48700410396717,70.0281425891182,43.95806400564612
2024-11-10,18.85585603,56.57894736842105,80.71135430916553,12.448700410396718,44.59644322845418,24.48700410396717,70.0281425891182,43.95806400564612
2024-11-11,12.29077152,39.47368421052631,88.37209302325581,17.783857729138163,38.44049247606019,10.533515731874143,70.0281425891182,39.5603653257104
2024-11-12,2.706685833,22.36842105263157,79.06976744186046,11.901504787961692,24.14500683994528,3.69357045143639,70.0281425891182,30.55901414227909
2024-11-13,0.0,14.473684210526308,25.3077975376197,5.198358413132698,12.585499316005478,2.188782489740082,70.0281425891182,18.540323508020354
2024-11-14,0.0,36.84210526315789,35.02051983584131,20.65663474692202,16.552667578659374,1.641586867305067,70.0281425891182,25.820236697286266
2024-11-15,4.072887561,35.52631578947368,42.270861833105336,8.48153214774282,23.050615595075243,2.8727770177838563,70.0281425891182,26.614733219042737
2024-11-16,4.072887561,35.52631578947368,42.270861833105336,8.48153214774282,23.050615595075243,2.8727770177838563,70.0281425891182,26.614733219042737
2024-11-17,4.072887561,35.52631578947368,42.270861833105336,8.48153214774282,23.050615595075243,2.8727770177838563,70.0281425891182,26.614733219042737
2024-11-18,14.46499069,53.94736842105262,48.700410396716826,74.14500683994528,28.11217510259918,7.797537619699046,70.0281425891182,42.45651880844731
2024-11-19,14.51776871,57.89473684210525,44.18604651162791,48.97400820793434,36.45690834473324,11.354309165526677,70.0281425891182,40.487417195863664
2024-11-20,16.08270937,61.8421052631579,40.766073871409034,66.89466484268125,37.55129958960328,7.113543091655272,70.0281425891182,42.89693408823213
2024-11-21,17.11995592,55.26315789473684,55.81395348837209,39.67168262653898,42.134062927496586,11.764705882352944,70.0281425891182,41.68509447551652
2024-11-22,21.12967652,60.526315789473685,58.96032831737345,54.309165526675784,45.14363885088919,14.77428180574556,70.0281425891182,46.410221342753694
2024-11-23,21.12967652,60.526315789473685,58.96032831737345,54.309165526675784,45.14363885088919,14.77428180574556,70.0281425891182,46.410221342753694
2024-11-24,21.12967652,60.526315789473685,58.96032831737345,54.309165526675784,45.14363885088919,14.77428180574556,70.0281425891182,46.410221342753694
2024-11-25,26.85832838,64.47368421052632,72.64021887824897,33.10533515731874,47.74281805745554,13.132694938440492,70.0281425891182,46.85446031587261
2024-11-26,25.92396292,56.57894736842105,75.37619699042408,4.377564979480164,48.358413132694935,10.396716826265395,70.0281425891182,41.5771349723434
2024-11-27,22.13289126,72.36842105263158,67.57865937072503,58.13953488372092,51.98358413132696,10.259917920656637,70.0281425891182,50.35587874402562
2024-11-28,21.43723583,64.47368421052632,55.40355677154582,33.515731874145004,58.41313269493844,13.816689466484267,70.0281425891182,45.298310490965434
2024-11-29,14.34237508,46.05263157894737,26.812585499316004,0.5471956224350261,42.74965800273598,8.344733242134062,70.0281425891182,29.83961737352666
2024-11-30,14.34237508,46.05263157894737,26.812585499316004,0.5471956224350261,42.74965800273598,8.344733242134062,70.0281425891182,29.83961737352666
2024-12-01,14.34237508,46.05263157894737,26.812585499316004,0.5471956224350261,42.74965800273598,8.344733242134062,64.25891181988743,29.015441549350836
2024-12-02,14.60302658,47.368421052631575,13.543091655266759,4.514363885088923,37.346101231190154,3.146374829001364,64.25891181988743,26.397184436152315
2024-12-03,22.56082142,73.68421052631578,28.454172366621066,96.44322845417237,44.45964432284541,9.849521203830369,64.25891181988743,48.53007287338177
2024-12-04,16.77072154,48.68421052631579,19.288645690834475,2.188782489740082,25.71819425444597,6.155950752393979,64.25891181988743,26.152202439088246
2024-12-05,13.76408007,30.263157894736835,15.868673050615595,8.071135430916554,30.916552667578657,4.103967168262656,64.25891181988743,23.892354014571104
2024-12-06,11.90453083,32.89473684210526,26.67578659370725,0.1367989056087593,21.409028727770174,3.9671682626538973,64.25891181988743,23.03528028310468
2024-12-07,11.90453083,32.89473684210526,26.67578659370725,0.1367989056087593,21.409028727770174,3.9671682626538973,64.25891181988743,23.03528028310468
2024-12-08,11.90453083,32.89473684210526,26.67578659370725,0.1367989056087593,21.409028727770174,3.9671682626538973,64.25891181988743,23.03528028310468
2024-12-09,1.943672729,0.0,15.321477428180575,3.69357045143639,16.415868673050614,2.0519835841313228,64.25891181988743,14.812212097955191
2024-12-10,11.33321149,58.22784810126582,67.03146374829001,74.96580027359781,24.14500683994528,13.26949384404925,64.25891181988743,44.74739087386223
2024-12-11,15.63925038,60.75949367088608,95.62243502051983,39.12448700410397,32.69493844049247,38.03009575923393,64.25891181988743,49.44708744216053
2024-12-12,22.55327195,59.493670886075954,94.93844049247606,15.458276333789334,37.893296853625166,55.40355677154582,64.25891181988743,49.99991787248569
2024-12-13,24.78895826,62.02531645569621,97.12722298221614,80.57455540355677,41.58686730506156,50.06839945280438,64.25891181988743,60.06146166846036
2024-12-14,24.78895826,62.02531645569621,97.12722298221614,80.57455540355677,41.58686730506156,50.06839945280438,64.25891181988743,60.06146166846036
2024-12-15,24.78895826,62.02531645569621,97.12722298221614,80.57455540355677,41.58686730506156,50.06839945280438,64.25891181988743,60.06146166846036
2024-12-16,24.13540932,62.02531645569621,95.34883720930233,56.22435020519836,45.41723666210671,28.0437756497948,64.25891181988743,53.6362624745694
2024-12-17,19.15526133,60.75949367088608,93.70725034199727,87.14090287277702,49.45280437756497,22.708618331053355,64.25891181988743,56.74046324916658
2024-12-18,25.23010853,63.29113924050633,94.25444596443229,82.76333789329685,55.745554035567714,30.64295485636115,64.25891181988743,59.455207477150246
2024-12-19,16.54290935,60.75949367088608,85.77291381668947,14.227086183310533,34.74692202462381,18.46785225718194,64.25891181988743,42.11086987465418
2024-12-20,12.09353479,58.22784810126582,78.11217510259918,1.5047879616963078,24.965800273597814,9.57592339261286,64.25891181988743,35.534140205951346
2024-12-21,12.09353479,58.22784810126582,78.11217510259918,1.5047879616963078,24.965800273597814,9.57592339261286,64.25891181988743,35.534140205951346
2024-12-22,12.09353479,58.22784810126582,78.11217510259918,1.5047879616963078,24.965800273597814,9.57592339261286,64.25891181988743,35.534140205951346
2024-12-23,18.5730718,67.08860759493672,89.3296853625171,37.072503419972634,35.43091655266758,11.217510259917917,64.25891181988743,46.13874382998563
2024-12-24,19.66876332,62.02531645569621,78.79616963064295,7.934336525307795,36.11491108071135,13.953488372093027,64.25891181988743,40.3931281720484
2024-12-25,19.66876332,62.02531645569621,78.79616963064295,7.934336525307795,36.11491108071135,13.953488372093027,64.25891181988743,40.3931281720484
2024-12-26,17.79901887,62.02531645569621,63.748290013679885,12.585499316005478,33.17373461012312,16.82626538987688,64.25891181988743,38.63100521075272
2024-12-27,15.36378377,51.89873417721519,43.22845417236662,1.3679890560875485,30.23255813953488,17.23666210670315,64.25891181988743,31.941013320256406
2024-12-28,15.36378377,51.89873417721519,43.22845417236662,1.3679890560875485,30.23255813953488,17.23666210670315,64.25891181988743,31.941013320256406
2024-12-29,15.36378377,51.89873417721519,43.22845417236662,1.3679890560875485,30.23255813953488,17.23666210670315,64.25891181988743,31.941013320256406
2024-12-30,14.49663598,50.63291139240506,45.00683994528043,7.660738714090288,27.428180574555405,26.81258549931601,64.25891181988743,33.756686275076376
2024-12-31,14.49663598,50.63291139240506,45.00683994528043,7.660738714090288,27.428180574555405,26.81258549931601,64.25891181988743,33.756686275076376
2025-01-01,14.49663598,50.63291139240506,45.00683994528043,7.660738714090288,27.428180574555405,26.81258549931601,67.16697936210132,34.172124495392644
2025-01-02,15.08355211,50.63291139240506,61.01231190150479,10.533515731874143,31.53214774281806,25.307797537619702,67.16697936210132,37.324173682617584
2025-01-03,23.53518791,63.29113924050633,79.20656634746922,93.16005471956224,34.61012311901504,24.35020519835841,67.16697936210132,55.045750842430365
2025-01-04,23.53518791,63.29113924050633,79.20656634746922,93.16005471956224,34.61012311901504,24.35020519835841,67.16697936210132,55.045750842430365
2025-01-05,23.53518791,63.29113924050633,79.20656634746922,93.16005471956224,34.61012311901504,24.35020519835841,67.16697936210132,55.045750842430365
2025-01-06,33.53903626,60.75949367088608,79.34336525307798,95.07523939808482,31.258549931600545,57.86593707250343,67.16697936210132,60.71551442117916
2025-01-07,33.25250113,63.29113924050633,86.18331053351574,92.33926128590971,34.883720930232556,63.20109439124487,67.16697936210132,62.9025724105015
2025-01-08,38.85265365,63.29113924050633,87.82489740082079,97.53761969904241,35.02051983584131,73.4610123119015,67.16697936210132,66.16497450003052
2025-01-09,39.95476641,64.55696202531647,80.57455540355677,68.80984952120383,38.09849521203831,87.00410396716826,67.16697936210132,63.73795884305498
2025-01-10,39.49800429,65.82278481012658,81.94254445964432,76.47058823529412,37.756497948016424,77.15458276333788,67.16697936210132,63.68742598121724
2025-01-11,39.49800429,65.82278481012658,81.94254445964432,76.47058823529412,37.756497948016424,77.15458276333788,67.16697936210132,63.68742598121724
2025-01-12,39.49800429,65.82278481012658,81.94254445964432,76.47058823529412,37.756497948016424,77.15458276333788,67.16697936210132,63.68742598121724
2025-01-13,34.80411528,59.493670886075954,90.2872777017784,48.42681258549931,33.17373461012312,63.7482900136799,67.16697936210132,56.72869720560828
2025-01-14,36.00115991,62.02531645569621,83.58413132694939,36.11491108071135,43.9124487004104,50.47879616963065,67.16697936210132,54.18339185792847
2025-01-15,36.94209022,63.29113924050633,80.1641586867305,31.87414500683995,43.70725034199726,49.11080711354309,67.16697936210132,53.179509995959776
2025-01-16,43.57013201,68.35443037974683,83.72093023255815,11.764705882352944,52.7359781121751,59.64432284541723,67.16697936210132,55.27963983205022
2025-01-17,43.34037611,65.82278481012658,66.34746922024624,26.67578659370725,58.89192886456909,64.43228454172367,67.16697936210132,56.096801357496304
2025-01-18,43.34037611,65.82278481012658,66.34746922024624,26.67578659370725,58.89192886456909,64.43228454172367,67.16697936210132,56.096801357496304
2025-01-19,43.34037611,65.82278481012658,66.34746922024624,26.67578659370725,58.89192886456909,64.43228454172367,67.16697936210132,56.096801357496304
2025-01-20,42.49549359,63.29113924050633,56.36114911080712,12.859097127222984,48.90560875512996,52.80437756497949,67.16697936210132,49.12626353582102
2025-01-21,43.73859548,67.08860759493672,74.00820793433653,4.240766073871405,50.341997264021884,68.2626538987688,67.16697936210132,53.54968680114809
2025-01-22,49.71168059,67.08860759493672,74.14500683994528,94.25444596443229,59.097127222982216,81.3953488372093,67.16697936210132,70.4084566302296
2025-01-23,44.89524025,54.43037974683544,58.00273597811218,32.83173734610123,57.45554035567715,67.85225718194255,67.16697936210132,54.66212431725283
2025-01-24,48.19166007,60.75949367088608,71.13543091655266,71.81942544459645,55.745554035567714,69.22024623803009,67.16697936210132,63.43411281967632
2025-01-25,48.19166007,60.75949367088608,71.13543091655266,71.81942544459645,55.745554035567714,69.22024623803009,67.16697936210132,63.43411281967632
2025-01-26,48.19166007,60.75949367088608,71.13543091655266,71.81942544459645,55.745554035567714,69.22024623803009,67.16697936210132,63.43411281967632
2025-01-27,48.19166007,60.75949367088608,71.13543091655266,71.81942544459645,55.745554035567714,69.22024623803009,67.16697936210132,63.43411281967632
2025-01-28,48.19166007,60.75949367088608,71.13543091655266,71.81942544459645,55.745554035567714,69.22024623803009,67.16697936210132,63.43411281967632
2025-01-29,48.19166007,60.75949367088608,71.13543091655266,71.81942544459645,55.745554035567714,69.22024623803009,67.16697936210132,63.43411281967632
2025-01-30,48.19166007,60.75949367088608,71.13543091655266,71.81942544459645,55.745554035567714,69.22024623803009,67.16697936210132,63.43411281967632
2025-01-31,44.40279781,60.75949367088608,47.8796169630643,3.9671682626538973,46.44322845417237,65.93707250341998,67.16697936210132,48.07947957518542
2025-02-01,44.40279781,60.75949367088608,47.8796169630643,3.9671682626538973,46.44322845417237,65.93707250341998,72.74859287054409,48.87685293353439
2025-02-02,44.40279781,60.75949367088608,47.8796169630643,3.9671682626538973,46.44322845417237,65.93707250341998,72.74859287054409,48.87685293353439
2025-02-03,33.88172701,39.24050632911393,23.52941176470588,0.0,21.067031463748286,48.837209302325576,72.74859287054409,34.18635410577683
2025-02-04,39.63717393,56.9620253164557,49.93160054719562,3.146374829001364,29.958960328317374,63.611491108071135,72.74859287054409,45.14231698994075
2025-02-05,44.75125328,65.82278481012658,57.18194254445964,34.33652530779754,35.63611491108071,73.32421340629274,72.74859287054409,54.82877530432876
2025-02-06,50.24449737,74.68354430379748,68.12585499316005,41.723666210670316,44.322845417236664,70.17783857729138,72.74859287054409,60.28954853467143
2025-02-07,47.37118547,69.62025316455697,49.794801641586865,14.6374829001368,43.365253077975375,43.77564979480164,72.74859287054409,48.759031274228825
2025-02-08,47.37118547,69.62025316455697,49.794801641586865,14.6374829001368,43.365253077975375,43.77564979480164,72.74859287054409,48.759031274228825
2025-02-09,47.37118547,69.62025316455697,49.794801641586865,14.6374829001368,43.365253077975375,43.77564979480164,72.74859287054409,48.759031274228825
2025-02-10,48.5462545,59.493670886075954,48.56361149110807,73.4610123119015,37.072503419972634,49.247606019151846,72.74859287054409,55.59046449982201
2025-02-11,51.72098245,64.55696202531647,60.46511627906976,82.35294117647058,43.50205198358413,44.18604651162791,72.74859287054409,59.93324189951613
2025-02-12,52.86271462,73.41772151898735,64.97948016415869,41.860465116279066,46.23803009575923,46.922024623803004,72.74859287054409,57.00414700136163
2025-02-13,57.92962048,68.35443037974683,92.74965800273598,62.927496580027366,54.240766073871406,57.18194254445965,72.74859287054409,66.59035813305505
2025-02-14,59.9609994,74.68354430379748,86.593707250342,95.34883720930233,58.5499316005472,68.53625170998632,72.74859287054409,73.77455204921706
2025-02-15,59.9609994,74.68354430379748,86.593707250342,95.34883720930233,58.5499316005472,68.53625170998632,72.74859287054409,73.77455204921706
2025-02-16,59.9609994,74.68354430379748,86.593707250342,95.34883720930233,58.5499316005472,68.53625170998632,72.74859287054409,73.77455204921706
2025-02-17,62.8867978,75.9493670886076,86.8673050615595,38.16689466484268,53.83036935704515,73.187414500684,72.74859287054409,66.23382019189756
2025-02-18,66.33791332,78.48101265822785,87.14090287277702,95.7592339261286,56.29274965800274,76.33378932968536,72.74859287054409,76.15631351933796
2025-02-19,74.68524984,77.21518987341773,92.47606019151847,98.49521203830369,48.56361149110807,79.34336525307796,72.74859287054409,77.64675450828142
2025-02-20,71.68122336,72.15189873417722,82.9001367989056,89.46648426812585,47.332421340629274,77.4281805745554,72.74859287054409,73.38699113527676
2025-02-21,71.42873787,75.9493670886076,73.32421340629274,67.03146374829001,47.332421340629274,77.97537619699042,72.74859287054409,69.39859607447916
2025-02-22,71.42873787,75.9493670886076,73.32421340629274,67.03146374829001,47.332421340629274,77.97537619699042,72.74859287054409,69.39859607447916
2025-02-23,71.42873787,75.9493670886076,73.32421340629274,67.03146374829001,47.332421340629274,77.97537619699042,72.74859287054409,69.39859607447916
2025-02-24,68.95621299,70.88607594936708,76.1969904240766,76.74418604651163,41.860465116279066,74.14500683994528,72.74859287054409,68.79107574810338
2025-02-25,66.11322905,72.15189873417722,65.93707250341997,72.91381668946649,40.5608755129959,61.696306429548564,72.74859287054409,64.58882739859317
2025-02-26,68.54208534,67.08860759493672,58.139534883720934,70.99863201094392,37.55129958960328,71.9562243502052,72.74859287054409,63.86071094856488
2025-02-27,65.13201204,64.55696202531647,55.26675786593708,66.484268125855,42.954856361149105,60.054719562243505,72.74859287054409,61.0283098358636
2025-02-28,50.14080017,51.89873417721519,16.55266757865937,0.41039671682626677,17.373461012311896,35.15731874145007,72.74859287054409,34.897424466715265
2025-03-01,50.14080017,51.89873417721519,16.55266757865937,0.41039671682626677,17.373461012311896,35.15731874145007,78.42401500938087,35.708199057977666
2025-03-02,50.14080017,51.89873417721519,16.55266757865937,0.41039671682626677,17.373461012311896,35.15731874145007,78.42401500938087,35.708199057977666
2025-03-03,50.14080017,51.89873417721519,16.55266757865937,0.41039671682626677,17.373461012311896,35.15731874145007,78.42401500938087,35.708199057977666
2025-03-04,50.17052511,51.89873417721519,18.467852257181942,18.194254445964432,16.279069767441857,60.73871409028728,78.42401500938087,42.02473783678165
2025-03-05,54.34731251,65.82278481012658,47.05882352941176,17.510259917920656,20.041039671682626,59.37072503419974,78.42401500938087,48.93928006896032
2025-03-06,58.69369929,84.61538461538461,59.64432284541724,49.11080711354309,25.99179206566348,60.46511627906976,78.42401500938087,59.56359103120844
2025-03-07,56.59424015,84.61538461538461,33.378932968536255,23.11901504787962,21.81942544459644,41.313269493844054,78.42401500938087,48.4663261042317
2025-03-08,56.59424015,84.61538461538461,33.378932968536255,23.11901504787962,21.81942544459644,41.313269493844054,78.42401500938087,48.4663261042317
2025-03-09,56.59424015,84.61538461538461,33.378932968536255,23.11901504787962,21.81942544459644,41.313269493844054,78.42401500938087,48.4663261042317
2025-03-10,57.31992248,87.6923076923077,22.161422708618332,25.444596443228452,20.451436388508892,51.29958960328318,78.42401500938087,48.97047004647534
2025-03-11,52.8014265,70.76923076923077,4.7879616963064295,27.906976744186053,14.363885088919293,36.79890560875513,78.42401500938087,40.836057345254076
2025-03-12,60.46400975,73.84615384615385,7.113543091655266,53.62517099863201,17.09986320109439,47.46922024623803,78.42401500938087,48.291710877593495
2025-03-13,61.33439091,81.53846153846155,5.60875512995896,21.067031463748286,16.96306429548564,47.05882352941176,78.42401500938087,44.57064883949244
2025-03-14,60.76797498,75.38461538461539,8.755129958960328,34.74692202462381,21.409028727770174,35.43091655266758,78.42401500938087,44.98837180543116
2025-03-15,60.76797498,75.38461538461539,8.755129958960328,34.74692202462381,21.409028727770174,35.43091655266758,78.42401500938087,44.98837180543116
2025-03-16,60.76797498,75.38461538461539,8.755129958960328,34.74692202462381,21.409028727770174,35.43091655266758,78.42401500938087,44.98837180543116
2025-03-17,70.1828002,87.6923076923077,17.783857729138166,84.81532147742818,30.36935704514364,51.84678522571819,78.42401500938087,60.159206339873826
2025-03-18,69.73006851,83.07692307692307,41.17647058823529,10.396716826265395,33.65253077975376,42.270861833105336,78.42401500938087,51.24679808909482
2025-03-19,73.47157892,81.53846153846155,55.95075239398085,91.38166894664843,34.4733242134063,43.228454172366625,78.42401500938087,65.49546502774923
2025-03-20,76.6971673,80.0,38.16689466484268,85.77291381668947,40.5608755129959,32.69493844049247,78.42401500938087,61.759543534914485
2025-03-21,78.66201889,73.84615384615385,34.61012311901504,46.37482900136799,39.9452804377565,42.81805745554036,78.42401500938087,56.38292539417352
2025-03-22,78.66201889,73.84615384615385,34.61012311901504,46.37482900136799,39.9452804377565,42.81805745554036,78.42401500938087,56.38292539417352
2025-03-23,78.66201889,73.84615384615385,34.61012311901504,46.37482900136799,39.9452804377565,42.81805745554036,78.42401500938087,56.38292539417352
2025-03-24,76.06981042,75.38461538461539,34.19972640218879,48.56361149110807,39.67168262653898,40.08207934336525,78.42401500938087,56.056505811028195
2025-03-25,73.20626016,73.84615384615385,20.79343365253078,81.3953488372093,40.21887824897401,41.03967168262655,78.42401500938087,58.41768020526791
2025-03-26,78.0186624,78.46153846153847,32.55813953488372,73.187414500684,39.808481532147745,60.601915184678525,78.42401500938087,63.00859523190191
2025-03-27,71.98231992,70.76923076923077,24.350205198358413,18.46785225718194,33.515731874145004,44.322845417236664,78.42401500938087,48.8331714922191
2025-03-28,62.79098033,60.0,17.647058823529413,35.02051983584131,26.88098495212038,33.2421340629275,78.42401500938087,44.8579561448285
2025-03-29,62.79098033,60.0,17.647058823529413,35.02051983584131,26.88098495212038,33.2421340629275,78.42401500938087,44.8579561448285
2025-03-30,62.79098033,60.0,17.647058823529413,35.02051983584131,26.88098495212038,33.2421340629275,78.42401500938087,44.8579561448285
2025-03-31,49.61402242,41.53846153846153,3.556771545827633,2.4623803009575895,11.764705882352944,36.52530779753762,78.42401500938087,31.98366635635974
2025-04-01,57.02065003,60.0,24.897400820793433,92.47606019151847,14.227086183310533,54.58276333789329,75.46904315196998,54.09614338792653
2025-04-02,54.68650666,44.61538461538462,41.58686730506156,17.09986320109439,13.543091655266759,37.346101231190154,75.46904315196998,40.62097968856678
2025-04-03,50.59698081,43.07692307692308,26.402188782489738,96.85362517099864,9.302325581395355,20.383036935704514,75.46904315196998,46.01201764421162
2025-04-04,45.52381084,63.07692307692307,19.562243502051984,43.228454172366625,8.48153214774282,15.731874145006842,75.46904315196998,38.72484014800876
2025-04-05,45.52381084,63.07692307692307,19.562243502051984,43.228454172366625,8.48153214774282,15.731874145006842,75.46904315196998,38.72484014800876
2025-04-06,45.52381084,63.07692307692307,19.562243502051984,43.228454172366625,8.48153214774282,15.731874145006842,75.46904315196998,38.72484014800876
2025-04-07,21.95131593,19.999999999999996,16.415868673050614,67.30506155950752,0.1367989056087593,1.094391244870041,75.46904315196998,28.9103542092867
2025-04-08,22.84284981,32.30769230769231,39.67168262653899,41.58686730506156,1.7783857729138153,2.3255813953488413,75.46904315196998,30.85458605278936
2025-04-09,16.28011396,10.769230769230766,29.411764705882355,32.96853625170999,0.6839945280437743,0.6839945280437743,75.46904315196998,23.752382556411515
2025-04-10,42.3312309,75.38461538461539,71.81942544459645,81.25854993160054,6.566347469220246,8.48153214774282,75.46904315196998,51.61582063282078
2025-04-11,39.10707147,75.38461538461539,61.83310533515732,33.78932968536251,3.9671682626538973,6.292749658002739,75.46904315196998,42.26329756396598
2025-04-12,39.10707147,75.38461538461539,61.83310533515732,33.78932968536251,3.9671682626538973,6.292749658002739,75.46904315196998,42.26329756396598
2025-04-13,39.10707147,75.38461538461539,61.83310533515732,33.78932968536251,3.9671682626538973,6.292749658002739,75.46904315196998,42.26329756396598
2025-04-14,43.08865969,80.0,69.35704514363886,15.595075239398081,6.429548563611487,3.4199726402188824,75.46904315196998,41.908477775548185
2025-04-15,46.79996422,80.0,88.91928864569083,3.283173734610123,13.816689466484267,4.651162790697672,75.46904315196998,44.70561742992184
2025-04-16,41.21439927,80.0,87.00410396716826,39.398084815321475,8.755129958960328,1.5047879616963078,75.46904315196998,47.62079273215948
2025-04-17,44.93945927,83.07692307692307,73.87140902872777,38.03009575923393,13.406292749658,1.9151846785225746,75.46904315196998,47.24405824500504
2025-04-18,47.75044246,78.46153846153847,77.70177838577291,45.41723666210671,15.8686730506156,1.7783857729138153,75.46904315196998,48.921013992131066
2025-04-19,47.75044246,78.46153846153847,77.70177838577291,45.41723666210671,15.8686730506156,1.7783857729138153,75.46904315196998,48.921013992131066
2025-04-20,47.75044246,78.46153846153847,77.70177838577291,45.41723666210671,15.8686730506156,1.7783857729138153,75.46904315196998,48.921013992131066
2025-04-21,49.14044489,78.46153846153847,82.76333789329685,18.33105335157319,12.038303693570452,2.599179206566349,75.46904315196998,45.54327152121647
2025-04-22,48.45141858,80.0,68.80984952120383,13.816689466484267,12.722298221614226,3.0095759233926156,75.46904315196998,43.18269640923785
2025-04-23,55.28038954,76.92307692307693,86.73050615595075,8.344733242134062,18.057455540355683,3.5567715458276306,75.46904315196998,46.33742515704501
2025-04-24,55.13327529,81.53846153846155,72.09302325581395,6.703146374829005,17.783857729138163,6.839945280437753,75.46904315196998,45.080107517235774
2025-04-25,59.15337284,87.6923076923077,74.96580027359782,26.53898768809849,25.307797537619702,18.33105335157319,75.46904315196998,52.494051790738126
2025-04-26,59.15337284,87.6923076923077,74.96580027359782,26.53898768809849,25.307797537619702,18.33105335157319,75.46904315196998,52.494051790738126
2025-04-27,59.15337284,87.6923076923077,74.96580027359782,26.53898768809849,25.307797537619702,18.33105335157319,75.46904315196998,52.494051790738126
2025-04-28,59.51046296,90.76923076923076,73.59781121751026,50.20519835841313,26.265389876880985,45.14363885088919,75.46904315196998,60.13725359784205
2025-04-29,62.04282979,93.84615384615384,84.1313269493844,72.64021887824897,31.53214774281806,34.883720930232556,75.46904315196998,64.93506304125826
2025-04-30,61.68642509,96.92307692307692,80.84815321477427,35.29411764705882,30.779753761969907,38.44049247606019,75.46904315196998,59.92015175213
2025-05-01,61.68642509,96.92307692307692,80.84815321477427,35.29411764705882,30.779753761969907,38.44049247606019,81.33208255159474,60.75772880921926
2025-05-02,61.83487052,93.84615384615384,81.53214774281807,38.7140902872777,29.822161422708614,49.93160054719562,81.33208255159474,62.43044384539265
2025-05-03,61.83487052,93.84615384615384,81.53214774281807,38.7140902872777,29.822161422708614,49.93160054719562,81.33208255159474,62.43044384539265
2025-05-04,61.83487052,93.84615384615384,81.53214774281807,38.7140902872777,29.822161422708614,49.93160054719562,81.33208255159474,62.43044384539265
2025-05-05,61.83487052,93.84615384615384,81.53214774281807,38.7140902872777,29.822161422708614,49.93160054719562,81.33208255159474,62.43044384539265
2025-05-06,61.83487052,93.84615384615384,81.53214774281807,38.7140902872777,29.822161422708614,49.93160054719562,81.33208255159474,62.43044384539265
2025-05-07,65.0790938,100.0,87.41450068399452,55.95075239398084,28.932968536251714,68.39945280437756,81.33208255159474,69.58697868145705
2025-05-08,65.3161916,96.96969696969695,90.01367989056087,90.56087551299589,39.05608755129959,91.79206566347469,81.33208255159474,79.29152567708896
2025-05-09,65.31950309,100.0,90.97127222982216,49.93160054719562,41.860465116279066,91.51846785225717,81.33208255159474,74.41905591244982
2025-05-10,65.31950309,100.0,90.97127222982216,49.93160054719562,41.860465116279066,91.51846785225717,81.33208255159474,74.41905591244982
2025-05-11,65.31950309,100.0,90.97127222982216,49.93160054719562,41.860465116279066,91.51846785225717,81.33208255159474,74.41905591244982
2025-05-12,72.26361891,96.96969696969695,92.20246238030096,76.33378932968536,44.04924760601915,95.34883720930233,81.33208255159474,79.78567642237135
2025-05-13,72.34103795,92.4242424242424,63.20109439124487,56.36114911080712,56.56634746922025,84.54172366621067,81.33208255159474,72.39538250904572
2025-05-14,78.05605612,100.0,66.62106703146374,98.35841313269493,56.56634746922025,89.60328317373461,81.33208255159474,81.50532135410117
2025-05-15,74.65734439,82.08955223880596,41.4500683994528,57.18194254445965,50.54719562243501,86.04651162790698,81.33208255159474,67.61495676780787
2025-05-16,76.18561364,92.53731343283582,36.66210670314637,84.54172366621067,53.00957592339262,84.81532147742818,81.33208255159474,72.72624819922977
2025-05-17,76.18561364,92.53731343283582,36.66210670314637,84.54172366621067,53.00957592339262,84.81532147742818,81.33208255159474,72.72624819922977
2025-05-18,76.18561364,92.53731343283582,36.66210670314637,84.54172366621067,53.00957592339262,84.81532147742818,81.33208255159474,72.72624819922977
2025-05-19,71.22952303,83.5820895522388,22.5718194254446,15.047879616963067,39.53488372093024,87.68809849521205,81.33208255159474,57.28376805605478
2025-05-20,71.67154352,80.59701492537313,28.0437756497948,31.463748290013683,44.18604651162791,84.26812585499316,81.33208255159474,60.22319104334249
2025-05-21,74.42166324,95.5223880597015,30.64295485636115,97.2640218878249,41.860465116279066,85.0889192886457,81.33208255159474,72.30464214291528
2025-05-22,68.39143358,73.13432835820896,15.047879616963064,26.128590971272224,37.072503419972634,78.38577291381668,81.33208255159474,54.2132273445469
2025-05-23,68.71811826,85.07462686567165,24.76060191518468,78.24897400820794,40.76607387140903,80.43775649794802,81.33208255159474,65.6197477100023
2025-05-24,68.71811826,85.07462686567165,24.76060191518468,78.24897400820794,40.76607387140903,80.43775649794802,81.33208255159474,65.6197477100023
2025-05-25,68.71811826,85.07462686567165,24.76060191518468,78.24897400820794,40.76607387140903,80.43775649794802,81.33208255159474,65.6197477100023
2025-05-26,77.00245848,100.0,35.70451436388509,95.62243502051983,40.35567715458276,82.21614227086184,81.33208255159474,73.17618712020632
2025-05-27,75.7269281,83.09859154929578,28.72777017783858,68.39945280437756,36.45690834473324,78.9329685362517,81.33208255159474,64.66781458058452
2025-05-28,81.84065118,85.91549295774647,27.906976744186046,99.31600547195623,32.010943912448695,83.17373461012312,81.33208255159474,70.2136982040079
2025-05-29,89.96147286,100.0,55.54035567715459,99.17920656634746,21.81942544459644,89.19288645690835,81.33208255159474,76.71791850808594
2025-05-30,85.29992687,80.48780487804879,51.162790697674424,92.61285909712723,18.6046511627907,84.13132694938442,81.33208255159474,70.5187774580886
2025-05-31,85.29992687,80.48780487804879,51.162790697674424,92.61285909712723,18.6046511627907,84.13132694938442,81.33208255159474,70.5187774580886
2025-06-01,85.29992687,80.48780487804879,51.162790697674424,92.61285909712723,18.6046511627907,84.13132694938442,87.10131332082551,71.34295328226443
2025-06-02,85.11271995,68.29268292682927,38.57729138166895,94.8016415868673,18.194254445964432,85.22571819425444,87.10131332082551,68.18651740091569
2025-06-03,85.11271995,68.29268292682927,38.57729138166895,94.8016415868673,18.194254445964432,85.22571819425444,87.10131332082551,68.18651740091569
2025-06-04,97.63723593,100.0,62.243502051983576,92.88645690834474,21.203830369357046,92.33926128590971,87.10131332082551,79.05879998091723
2025-06-05,100.0,85.39325842696628,81.66894664842681,99.72640218878249,18.878248974008205,93.43365253077975,87.10131332082551,80.88597458425556
2025-06-06,100.0,85.39325842696628,81.66894664842681,99.72640218878249,18.878248974008205,93.43365253077975,87.10131332082551,80.88597458425556
2025-06-07,100.0,85.39325842696628,81.66894664842681,99.72640218878249,18.878248974008205,93.43365253077975,87.10131332082551,80.88597458425556
2025-06-08,100.0,85.39325842696628,81.66894664842681,99.72640218878249,18.878248974008205,93.43365253077975,87.10131332082551,80.88597458425556
2025-06-09,100.0,92.13483146067416,93.296853625171,98.90560875512996,12.859097127222984,94.39124487004104,87.10131332082551,82.66984987986636
2025-06-10,100.0,93.25842696629212,79.61696306429549,90.42407660738714,13.953488372093027,94.8016415868673,87.10131332082551,79.87941570253723
2025-06-11,100.0,86.51685393258425,85.0889192886457,93.02325581395348,17.920656634746923,94.11764705882352,87.10131332082551,80.53837800708277
2025-06-12,100.0,87.64044943820225,96.44322845417237,46.23803009575923,20.041039671682626,94.25444596443229,87.10131332082551,75.95978670643919
2025-06-13,96.077894,77.52808988764045,97.67441860465115,1.641586867305067,12.311901504787958,92.61285909712723,87.10131332082551,66.42115189747678
2025-06-14,96.077894,77.52808988764045,97.67441860465115,1.641586867305067,12.311901504787958,92.61285909712723,87.10131332082551,66.42115189747678
2025-06-15,96.077894,77.52808988764045,97.67441860465115,1.641586867305067,12.311901504787958,92.61285909712723,87.10131332082551,66.42115189747678
2025-06-16,100.0,100.0,97.53761969904241,3.0095759233926156,12.995896032831734,95.21203830369357,87.10131332082551,70.83663475425513
2025-06-17,100.0,70.40816326530613,96.99042407660738,94.93844049247606,10.123119015047877,94.93844049247606,87.10131332082551,79.21427152324843
2025-06-18,100.0,68.36734693877551,97.81121751025992,88.50889192886457,10.259917920656637,96.44322845417237,87.10131332082551,78.35598801050777
2025-06-19,99.75088001,71.42857142857144,95.0752393980848,43.63885088919288,13.26949384404925,96.71682626538988,87.10131332082551,72.42588216515911
2025-06-20,100.0,73.46938775510203,91.65526675786595,22.571819425444595,14.911080711354307,97.40082079343365,87.10131332082551,69.58709839486086
2025-06-21,100.0,73.46938775510203,91.65526675786595,22.571819425444595,14.911080711354307,97.40082079343365,87.10131332082551,69.58709839486086
2025-06-22,100.0,73.46938775510203,91.65526675786595,22.571819425444595,14.911080711354307,97.40082079343365,87.10131332082551,69.58709839486086
2025-06-23,98.46685349,78.57142857142856,92.61285909712723,14.090287277701774,13.132694938440492,98.35841313269493,87.10131332082551,68.9048356897455
2025-06-24,100.0,91.83673469387756,94.8016415868673,80.84815321477427,10.396716826265395,99.45280437756499,87.10131332082551,80.63390914573928
2025-06-25,100.0,76.53061224489797,95.89603283173734,73.73461012311901,10.533515731874143,99.04240766073872,87.10131332082551,77.54835598759895
2025-06-26,96.19688744,64.28571428571428,70.7250341997264,68.94664842681259,11.901504787961692,98.49521203830369,87.10131332082551,71.0931877856206
2025-06-27,93.14682415,60.204081632653065,53.077975376196996,91.24487004103968,14.090287277701774,97.2640218878249,87.10131332082551,70.87562481232028
2025-06-28,93.14682415,60.204081632653065,53.077975376196996,91.24487004103968,14.090287277701774,97.2640218878249,87.10131332082551,70.87562481232028
2025-06-29,93.14682415,60.204081632653065,53.077975376196996,91.24487004103968,14.090287277701774,97.2640218878249,87.10131332082551,70.87562481232028
2025-06-30,94.15321367,63.26530612244898,52.804377564979475,71.40902872777018,14.77428180574556,96.0328317373461,87.10131332082551,68.50576470701654
2025-07-01,94.91491079,76.53061224489797,68.67305061559507,88.91928864569083,15.116279069767447,96.99042407660738,89.9624765478424,75.8724345700573
2025-07-02,92.73714319,65.3061224489796,84.40492476060192,62.653898768809846,15.321477428180575,96.58002735978111,89.9624765478424,72.4237243577422
2025-07-03,97.5357169,64.28571428571428,82.07934336525308,96.58002735978111,15.116279069767447,94.52804377564979,89.9624765478424,77.1553716148583
2025-07-04,90.06524562,54.08163265306123,35.9781121751026,9.028727770177836,11.217510259917917,90.56087551299589,89.9624765478424,54.41351150558541
2025-07-05,90.06524562,54.08163265306123,35.9781121751026,9.028727770177836,11.217510259917917,90.56087551299589,89.9624765478424,54.41351150558541
2025-07-06,90.06524562,54.08163265306123,35.9781121751026,9.028727770177836,11.217510259917917,90.56087551299589,89.9624765478424,54.41351150558541
2025-07-07,89.68600664,61.224489795918366,31.053351573187417,45.14363885088919,12.448700410396718,88.23529411764706,89.9624765478424,59.67913684798303
2025-07-08,95.87241817,75.51020408163265,68.39945280437757,70.04103967168263,16.142270861833108,90.42407660738714,89.9624765478424,72.33599124925078
2025-07-09,95.8442518,83.67346938775509,84.67852257181943,88.23529411764706,22.366621067031467,88.91928864569083,89.9624765478424,79.09713201968374
2025-07-10,100.0,81.63265306122449,91.79206566347469,87.00410396716826,28.932968536251714,90.2872777017784,89.9624765478424,81.37307792539141
2025-07-11,99.01362074,69.3877551020408,77.1545827633379,96.71682626538988,23.803009575923394,92.0656634746922,89.9624765478424,78.30056206703237
2025-07-12,99.01362074,69.3877551020408,77.1545827633379,96.71682626538988,23.803009575923394,92.0656634746922,89.9624765478424,78.30056206703237
2025-07-13,99.01362074,69.3877551020408,77.1545827633379,96.71682626538988,23.803009575923394,92.0656634746922,89.9624765478424,78.30056206703237
2025-07-14,100.0,90.81632653061224,68.53625170998632,83.03693570451436,18.46785225718194,90.8344733242134,89.9624765478424,77.37918801062152
2025-07-15,100.0,70.40816326530613,60.191518467852255,84.13132694938442,19.015047879616965,91.38166894664843,89.9624765478424,73.58431457952152
2025-07-16,96.45359446,55.10204081632652,48.42681258549932,60.87551299589603,19.699042407660738,88.64569083447333,89.9624765478424,65.59502437824263
2025-07-17,96.21937769,57.14285714285714,43.09165526675787,53.3515731874145,23.050615595075243,89.05608755129958,89.9624765478424,64.55352042589239
2025-07-18,95.15908658,53.06122448979591,33.78932968536252,93.98084815321477,32.96853625170999,83.58413132694939,89.9624765478424,68.92937614783929
2025-07-19,95.15908658,53.06122448979591,33.78932968536252,93.98084815321477,32.96853625170999,83.58413132694939,89.9624765478424,68.92937614783929
2025-07-20,95.15908658,53.06122448979591,33.78932968536252,93.98084815321477,32.96853625170999,83.58413132694939,89.9624765478424,68.92937614783929
2025-07-21,97.28061734,56.12244897959183,30.095759233926128,61.83310533515731,33.85772913816689,85.90971272229821,89.9624765478424,65.00883561385469
2025-07-22,91.39226795,54.08163265306123,12.722298221614228,29.138166894664842,26.470588235294112,62.106703146374834,89.9624765478424,52.267733378407385
2025-07-23,92.35969291,55.10204081632652,27.49658002735978,46.51162790697675,28.11217510259918,62.38030095759234,89.9624765478424,57.41784203838529
2025-07-24,91.74212859,57.14285714285714,12.99589603283174,48.837209302325576,24.965800273597814,71.27222982216142,89.9624765478424,56.702656815945154
2025-07-25,91.72959002,57.14285714285714,9.30232558139535,89.3296853625171,23.597811217510255,74.28180574555402,89.9624765478424,62.192364516810905
2025-07-26,91.72959002,57.14285714285714,9.30232558139535,89.3296853625171,23.597811217510255,74.28180574555402,89.9624765478424,62.192364516810905
2025-07-27,91.72959002,57.14285714285714,9.30232558139535,89.3296853625171,23.597811217510255,74.28180574555402,89.9624765478424,62.192364516810905
2025-07-28,93.17940684,59.18367346938776,7.7975376196990425,39.9452804377565,19.42544459644323,74.00820793433653,89.9624765478424,54.786003920780786
2025-07-29,94.5195475,62.24489795918367,8.618331053351573,44.87004103967168,19.220246238030093,76.06019151846786,89.9624765478424,56.49939026522104
2025-07-30,97.07379589,54.08163265306123,6.976744186046512,70.4514363885089,17.647058823529417,81.80574555403557,89.9624765478424,59.71412714900343
2025-07-31,95.42343065,54.08163265306123,6.429548563611491,67.16826265389876,22.366621067031467,72.64021887824897,89.9624765478424,58.29602728767062
2025-08-01,80.43544977,48.97959183673469,1.6415868673050615,22.29822161422709,9.849521203830369,58.276333789329684,84.24015009380864,43.67440788217651
2025-08-02,80.43544977,48.97959183673469,1.6415868673050615,22.29822161422709,9.849521203830369,58.276333789329684,84.24015009380864,43.67440788217651
2025-08-03,80.43544977,48.97959183673469,1.6415868673050615,22.29822161422709,9.849521203830369,58.276333789329684,84.24015009380864,43.67440788217651
2025-08-04,83.13266832,53.06122448979591,3.146374829001368,43.365253077975375,14.6374829001368,62.51709986320109,84.24015009380864,49.15717908198845
2025-08-05,87.66205538,59.18367346938776,10.12311901504788,34.61012311901504,19.562243502051977,58.686730506155946,84.24015009380864,50.58115644078104
2025-08-06,86.54256273,54.08163265306123,15.18467852257182,20.93023255813954,22.02462380300958,56.90834473324213,84.24015009380864,48.558889299118995
2025-08-07,89.65052119,56.12244897959183,22.43502051983584,23.939808481532143,28.454172366621066,53.62517099863201,84.24015009380864,51.20961323286023
2025-08-08,87.50513045,60.204081632653065,21.88782489740082,22.8454172366621,30.50615595075239,51.162790697674424,84.24015009380864,51.19307870842163
2025-08-09,87.50513045,60.204081632653065,21.88782489740082,22.8454172366621,30.50615595075239,51.162790697674424,84.24015009380864,51.19307870842163
2025-08-10,87.50513045,60.204081632653065,21.88782489740082,22.8454172366621,30.50615595075239,51.162790697674424,84.24015009380864,51.19307870842163
2025-08-11,86.7172752,55.10204081632652,17.236662106703147,61.559507523939814,34.33652530779754,38.7140902872777,84.24015009380864,53.98660733369333
2025-08-12,84.74839477,51.02040816326531,17.099863201094394,83.17373461012312,27.222982216142267,31.87414500683995,84.24015009380864,54.19709686589624
2025-08-13,88.37424365,55.10204081632652,18.057455540355676,84.67852257181943,35.15731874145007,51.70998632010944,84.24015009380864,59.61710253340997
2025-08-14,87.44942283,52.04081632653062,19.425444596443228,57.3187414500684,33.378932968536255,47.332421340629274,84.24015009380864,54.45513280085949
2025-08-15,87.44942283,52.04081632653062,19.425444596443228,57.3187414500684,33.378932968536255,47.332421340629274,84.24015009380864,54.45513280085949
2025-08-16,87.44942283,52.04081632653062,19.425444596443228,57.3187414500684,33.378932968536255,47.332421340629274,84.24015009380864,54.45513280085949
2025-08-17,87.44942283,52.04081632653062,19.425444596443228,57.3187414500684,33.378932968536255,47.332421340629274,84.24015009380864,54.45513280085949
2025-08-18,80.91753886,54.08163265306123,9.986320109439124,16.689466484268124,25.581395348837212,35.29411764705882,84.24015009380864,43.82723159949616
2025-08-19,77.94660277,51.02040816326531,4.1039671682626535,76.88098495212039,24.62380300957593,23.803009575923394,84.24015009380864,48.94556081899376
2025-08-20,75.40302845,47.95918367346938,2.0519835841313268,13.132694938440492,20.451436388508892,31.463748290013683,84.24015009380864,39.24317505976749
2025-08-21,75.51406577,51.02040816326531,4.377564979480164,18.741450068399455,25.444596443228452,28.864569083447332,84.24015009380864,41.171829228804185
2025-08-22,78.34028059,52.04081632653062,5.745554035567715,34.19972640218878,28.11217510259918,37.756497948016424,84.24015009380864,45.77645721410163
2025-08-23,78.34028059,52.04081632653062,5.745554035567715,34.19972640218878,28.11217510259918,37.756497948016424,84.24015009380864,45.77645721410163
2025-08-24,78.34028059,52.04081632653062,5.745554035567715,34.19972640218878,28.11217510259918,37.756497948016424,84.24015009380864,45.77645721410163
2025-08-25,82.16655737,54.08163265306123,9.712722298221614,9.986320109439129,35.29411764705882,48.01641586867304,84.24015009380864,46.21398800575178
2025-08-26,78.04633822,52.04081632653062,6.155950752393981,4.651162790697672,34.19972640218878,33.65253077975376,84.24015009380864,41.8552393379105
2025-08-27,78.25373659,54.08163265306123,8.344733242134064,37.346101231190154,36.73050615595075,29.2749658002736,84.24015009380864,46.89597510948834
2025-08-28,78.92093037,53.06122448979591,16.142270861833104,18.6046511627907,43.16005471956225,25.85499316005472,84.24015009380864,45.712039265406474
2025-08-29,77.0332931,60.204081632653065,13.406292749658002,35.978112175102595,41.313269493844054,24.897400820793436,84.24015009380864,48.15322858083711
2025-08-30,77.0332931,60.204081632653065,13.406292749658002,35.978112175102595,41.313269493844054,24.897400820793436,84.24015009380864,48.15322858083711
2025-08-31,77.0332931,60.204081632653065,13.406292749658002,35.978112175102595,41.313269493844054,24.897400820793436,84.24015009380864,48.15322858083711
2025-09-01,71.05077637,54.08163265306123,9.028727770177838,27.086183310533517,33.85772913816689,46.6484268125855,92.82363977485929,47.796730832769185
2025-09-02,74.33808305,55.10204081632652,6.566347469220246,13.26949384404925,40.902872777017784,52.25718194254446,92.82363977485929,47.89423709628823
2025-09-03,75.50888841,55.10204081632652,11.901504787961697,15.8686730506156,39.26128590971272,43.9124487004104,92.82363977485929,47.768354492840885
2025-09-04,76.46874447,53.06122448979591,20.656634746922027,6.566347469220246,43.70725034199726,48.56361149110807,92.82363977485929,48.835350397700395
2025-09-05,76.30682422,53.06122448979591,24.48700410396717,13.953488372093027,49.11080711354309,39.398084815321475,92.82363977485929,49.87729612708285
2025-09-06,76.30682422,53.06122448979591,24.48700410396717,13.953488372093027,49.11080711354309,39.398084815321475,92.82363977485929,49.87729612708285
2025-09-07,76.30682422,53.06122448979591,24.48700410396717,13.953488372093027,49.11080711354309,39.398084815321475,92.82363977485929,49.87729612708285
2025-09-08,77.29131207,57.14285714285714,41.72366621067031,34.06292749658003,49.45280437756497,48.15321477428181,92.82363977485929,57.235774549544786
2025-09-09,81.82367332,54.08163265306123,54.58276333789329,97.40082079343365,46.922024623803004,59.50752393980848,92.82363977485929,69.591725491837
2025-09-10,88.16507465,62.24489795918367,73.73461012311901,97.12722298221614,34.06292749658003,73.87140902872777,92.82363977485929,74.57568314495514
2025-09-11,90.62522808,68.36734693877551,83.44733242134062,63.47469220246238,35.63611491108071,72.09302325581395,92.82363977485929,72.35248251204749
2025-09-12,96.90212802,63.26530612244898,90.8344733242134,89.87688098495212,32.55813953488372,82.35294117647058,92.82363977485929,78.37335841968972
2025-09-13,96.90212802,63.26530612244898,90.8344733242134,89.87688098495212,32.55813953488372,82.35294117647058,92.82363977485929,78.37335841968972
2025-09-14,96.90212802,63.26530612244898,90.8344733242134,89.87688098495212,32.55813953488372,82.35294117647058,92.82363977485929,78.37335841968972
2025-09-15,97.64474991,66.3265306122449,86.45690834473324,90.97127222982216,31.258549931600545,88.78248974008208,92.82363977485929,79.18059150619175
2025-09-16,100.0,64.28571428571428,84.81532147742818,70.7250341997264,28.659370725034194,92.20246238030096,92.82363977485929,76.2159346918662
2025-09-17,94.67990144,57.14285714285714,69.63064295485636,40.49247606019152,27.770177838577293,90.97127222982216,92.82363977485929,67.64442392016625
2025-09-18,100.0,65.3061224489796,78.24897400820794,85.0889192886457,31.73734610123119,93.02325581395348,92.82363977485929,78.0326082051253
2025-09-19,97.77653952,66.3265306122449,59.50752393980848,47.74281805745554,31.87414500683995,91.65526675786595,92.82363977485929,69.67235195272487
2025-09-20,97.77653952,66.3265306122449,59.50752393980848,47.74281805745554,31.87414500683995,91.65526675786595,92.82363977485929,69.67235195272487
2025-09-21,97.77653952,66.3265306122449,59.50752393980848,47.74281805745554,31.87414500683995,91.65526675786595,92.82363977485929,69.67235195272487
2025-09-22,100.0,60.204081632653065,48.01641586867305,63.20109439124487,29.68536251709987,91.10807113543092,92.82363977485929,69.29123790285158
2025-09-23,100.0,58.16326530612245,45.1436388508892,64.56908344733242,29.2749658002736,93.57045143638851,92.82363977485929,69.0778635165522
2025-09-24,98.34309338,57.14285714285714,33.515731874145004,29.2749658002736,26.67578659370725,93.296853625171,92.82363977485929,61.58184688443047
2025-09-25,97.76278779,54.08163265306123,28.18057455540356,44.322845417236664,32.284541723666216,92.88645690834474,92.82363977485929,63.191782688938815
2025-09-26,87.49078373,46.93877551020408,14.774281805745554,2.0519835841313228,22.777017783857733,90.15047879616964,92.82363977485929,51.00099442642394
2025-09-27,87.49078373,46.93877551020408,14.774281805745554,2.0519835841313228,22.777017783857733,90.15047879616964,92.82363977485929,51.00099442642394
2025-09-28,87.49078373,46.93877551020408,14.774281805745554,2.0519835841313228,22.777017783857733,90.15047879616964,92.82363977485929,51.00099442642394
2025-09-29,92.14196961,51.02040816326531,40.62927496580027,40.08207934336525,29.480164158686726,93.98084815321477,92.82363977485929,62.87976916702738
2025-09-30,90.37989538,48.97959183673469,10.807113543091655,23.803009575923394,32.284541723666216,92.74965800273598,92.82363977485929,55.9753499767159
2025-10-01,93.57386875,53.06122448979591,25.85499316005472,54.44596443228454,32.83173734610123,93.16005471956224,95.68480300187618,64.08752084281069
2025-10-02,100.0,60.204081632653065,31.73734610123119,86.04651162790698,19.220246238030093,95.7592339261286,95.68480300187618,69.80746036111802
2025-10-03,100.0,60.204081632653065,31.73734610123119,86.04651162790698,19.220246238030093,95.7592339261286,95.68480300187618,69.80746036111802
2025-10-04,100.0,60.204081632653065,31.73734610123119,86.04651162790698,19.220246238030093,95.7592339261286,95.68480300187618,69.80746036111802
2025-10-05,100.0,60.204081632653065,31.73734610123119,86.04651162790698,19.220246238030093,95.7592339261286,95.68480300187618,69.80746036111802
2025-10-06,100.0,60.204081632653065,31.73734610123119,86.04651162790698,19.220246238030093,95.7592339261286,95.68480300187618,69.80746036111802
2025-10-07,100.0,60.204081632653065,31.73734610123119,86.04651162790698,19.220246238030093,95.7592339261286,95.68480300187618,69.80746036111802
2025-10-08,100.0,60.204081632653065,31.73734610123119,86.04651162790698,19.220246238030093,95.7592339261286,95.68480300187618,69.80746036111802
2025-10-09,100.0,60.204081632653065,31.73734610123119,86.04651162790698,19.220246238030093,95.7592339261286,95.68480300187618,69.80746036111802
2025-10-10,100.0,65.3061224489796,31.600547195622436,12.995896032831734,15.595075239398081,98.08481532147742,95.68480300187618,59.89532274859791
2025-10-11,100.0,65.3061224489796,31.600547195622436,12.995896032831734,15.595075239398081,98.08481532147742,95.68480300187618,59.89532274859791
2025-10-12,100.0,65.3061224489796,31.600547195622436,12.995896032831734,15.595075239398081,98.08481532147742,95.68480300187618,59.89532274859791
2025-10-13,95.62711582,54.08163265306123,31.19015047879617,34.883720930232556,6.703146374829005,96.16963064295486,95.68480300187618,59.191457128821426
2025-10-14,91.25915728,51.02040816326531,40.902872777017784,30.916552667578657,4.78796169630643,93.84404924760602,95.68480300187618,58.34511497623577
2025-10-15,99.38772311,56.12244897959183,81.1217510259918,59.23392612859097,7.113543091655272,94.66484268125855,95.68480300187618,70.47557685985208
2025-10-16,100.0,63.26530612244898,91.10807113543092,71.9562243502052,5.471956224350205,96.85362517099864,95.68480300187618,74.90571228647288
2025-10-17,99.64071233,58.16326530612245,68.94664842681259,52.1203830369357,2.599179206566349,95.62243502051983,95.68480300187618,67.53963233269045
2025-10-18,99.64071233,58.16326530612245,68.94664842681259,52.1203830369357,2.599179206566349,95.62243502051983,95.68480300187618,67.53963233269045
2025-10-19,99.64071233,58.16326530612245,68.94664842681259,52.1203830369357,2.599179206566349,95.62243502051983,95.68480300187618,67.53963233269045
2025-10-20,100.0,69.3877551020408,81.3953488372093,19.28864569083447,4.240766073871405,96.30642954856361,95.68480300187618,66.61482117919938
2025-10-21,98.99467183,65.3061224489796,77.29138166894664,60.73871409028728,4.651162790697672,95.48563611491107,95.68480300187618,71.16464170652834
2025-10-22,100.0,72.44897959183673,94.11764705882352,61.01231190150479,5.335157318741446,97.12722298221614,95.68480300187618,75.10373169357126
2025-10-23,95.36639604,59.18367346938776,83.85772913816689,65.93707250341998,4.514363885088923,95.07523939808482,95.68480300187618,71.37418249086065
2025-10-24,100.0,75.51020408163265,85.49931600547195,86.3201094391245,4.103967168262656,97.53761969904241,95.68480300187618,77.8080027707729
2025-10-25,100.0,75.51020408163265,85.49931600547195,86.3201094391245,4.103967168262656,97.53761969904241,95.68480300187618,77.8080027707729
2025-10-26,100.0,75.51020408163265,85.49931600547195,86.3201094391245,4.103967168262656,97.53761969904241,95.68480300187618,77.8080027707729
2025-10-27,100.0,87.75510204081631,93.84404924760602,81.80574555403557,3.283173734610123,98.63201094391245,95.68480300187618,80.14355493183668
2025-10-28,95.74887722,70.40816326530613,89.46648426812585,56.771545827633375,3.0095759233926156,97.94801641586868,95.68480300187618,72.7196379888861
2025-10-29,100.0,78.57142857142856,84.95212038303693,75.64979480164159,3.5567715458276306,99.17920656634746,95.68480300187618,76.7991606957369
2025-10-30,100.0,67.34693877551021,60.87551299589603,46.785225718194255,3.69357045143639,99.31600547195623,95.68480300187618,67.67172234498132
2025-10-31,100.0,69.3877551020408,53.898768809849514,64.43228454172367,4.924760601915191,99.72640218878249,95.68480300187618,69.72211060659825
2025-11-01,100.0,69.3877551020408,53.898768809849514,64.43228454172367,4.924760601915191,99.72640218878249,98.54596622889305,70.13084821045781
2025-11-02,100.0,69.3877551020408,53.898768809849514,64.43228454172367,4.924760601915191,99.72640218878249,98.54596622889305,70.13084821045781
2025-11-03,100.0,77.55102040816327,52.39398084815321,47.60601915184679,3.4199726402188824,99.86320109439124,98.54596622889305,68.4828800530952
2025-11-04,91.02547724,58.16326530612245,42.6812585499316,39.53488372093024,2.4623803009575895,99.58960328317373,98.54596622889305,61.71469066142981
2025-11-05,82.37990197,47.95918367346938,15.595075239398085,6.429548563611487,0.8207934336525335,98.7688098495212,98.54596622889305,50.071325565506534
2025-11-06,82.91833845,57.14285714285714,13.81668946648427,10.259917920656637,0.9575923392612817,97.81121751025992,98.54596622889305,51.63608272263033
2025-11-07,77.19243202,51.02040816326531,2.8727770177838576,29.548563611491108,0.41039671682626677,93.70725034199727,98.54596622889305,50.47111344289384
2025-11-08,77.19243202,51.02040816326531,2.8727770177838576,29.548563611491108,0.41039671682626677,93.70725034199727,98.54596622889305,50.47111344289384
2025-11-09,77.19243202,51.02040816326531,2.8727770177838576,29.548563611491108,0.41039671682626677,93.70725034199727,98.54596622889305,50.47111344289384
2025-11-10,84.47517671,66.3265306122449,16.689466484268127,7.38714090287278,1.094391244870041,97.67441860465115,98.54596622889305,53.1704415411143
2025-11-11,86.44471731,61.224489795918366,16.963064295485637,21.477428180574552,1.5047879616963078,98.90560875512996,98.54596622889305,55.009437503956846
2025-11-12,88.02681501,71.42857142857144,28.59097127222982,43.9124487004104,2.3255813953488413,98.22161422708618,98.54596622889305,61.578852608934255
2025-11-13,88.02091817,65.3061224489796,38.44049247606019,42.81805745554036,2.8727770177838563,95.89603283173734,98.54596622889305,61.70005237557063
2025-11-14,75.32389624,54.08163265306123,19.699042407660738,16.552667578659374,2.0519835841313228,91.24487004103968,98.54596622889305,51.07143696192077
2025-11-15,75.32389624,54.08163265306123,19.699042407660738,16.552667578659374,2.0519835841313228,91.24487004103968,98.54596622889305,51.07143696192077
2025-11-16,75.32389624,54.08163265306123,19.699042407660738,16.552667578659374,2.0519835841313228,91.24487004103968,98.54596622889305,51.07143696192077
2025-11-17,80.70475012,60.204081632653065,18.87824897400821,13.679890560875519,2.735978112175108,91.92886456908344,98.54596622889305,52.3825400282412
2025-11-18,70.40662117,50.0,3.6935704514363885,1.094391244870041,1.3679890560875485,83.03693570451436,98.54596622889305,44.020781979400205
2025-11-19,67.85887945,53.06122448979591,4.924760601915184,3.4199726402188824,1.2311901504788003,73.59781121751026,98.54596622889305,43.23425782554459
2025-11-20,72.47548763,54.08163265306123,19.972640218878247,19.015047879616965,2.188782489740082,87.41450068399452,98.54596622889305,50.52772254059773
2025-11-21,60.51501465,48.97959183673469,7.523939808481532,19.562243502051977,0.5471956224350261,43.365253077975375,98.54596622889305,39.86274353236738
2025-11-22,60.51501465,48.97959183673469,7.523939808481532,19.562243502051977,0.5471956224350261,43.365253077975375,98.54596622889305,39.86274353236738
2025-11-23,60.51501465,48.97959183673469,7.523939808481532,19.562243502051977,0.5471956224350261,43.365253077975375,98.54596622889305,39.86274353236738
2025-11-24,60.00552097,47.95918367346938,4.651162790697675,8.755129958960328,1.641586867305067,19.699042407660738,98.54596622889305,34.465370413855176
2025-11-25,61.04739682,52.04081632653062,5.33515731874145,4.78796169630643,1.9151846785225746,32.284541723666216,98.54596622889305,36.56528925609433
2025-11-26,67.18965824,59.18367346938776,20.383036935704517,4.924760601915191,3.146374829001364,35.02051983584131,98.54596622889305,41.1991414486776
2025-11-27,68.27325399,57.14285714285714,22.024623803009575,24.760601915184676,4.377564979480164,35.978112175102595,98.54596622889305,44.44328289064674
2025-11-28,62.8291717,52.04081632653062,23.392612859097127,22.708618331053355,5.061559507523938,17.510259917920656,98.54596622889305,40.29842926728839
2025-11-29,62.8291717,52.04081632653062,23.392612859097127,22.708618331053355,5.061559507523938,17.510259917920656,98.54596622889305,40.29842926728839
2025-11-30,62.8291717,52.04081632653062,23.392612859097127,22.708618331053355,5.061559507523938,17.510259917920656,98.54596622889305,40.29842926728839
2025-12-01,62.05998114,53.06122448979591,26.538987688098498,35.15731874145007,3.830369357045149,5.608755129958965,76.92307692307692,37.59710192420364
2025-12-02,66.87167642,58.16326530612245,47.19562243502052,1.9151846785225746,5.608755129958965,27.086183310533517,76.92307692307692,40.53768060046213
2025-12-03,68.47606738,62.24489795918367,54.309165526675784,44.45964432284541,5.745554035567713,61.42270861833106,76.92307692307692,53.36873068081151
2025-12-04,67.18498977,63.26530612244898,51.84678522571819,30.095759233926135,6.155950752393979,50.889192886456904,76.92307692307692,49.480151559145874
2025-12-05,71.63310318,61.224489795918366,77.4281805745554,41.4500683994528,8.071135430916554,74.82900136798905,76.92307692307692,58.79415081027273
2025-12-08,74.79331205,61.224489795918366,76.33378932968536,79.06976744186046,7.660738714090288,66.34746922024624,76.92307692307692,63.19323478212538
2025-12-09,72.40515733,54.08163265306123,77.56497948016415,67.57865937072503,6.839945280437753,56.36114911080712,76.92307692307692,58.822085735467454
2025-12-10,71.52916138,52.04081632653062,64.0218878248974,46.922024623803004,7.25034199726402,44.87004103967168,76.92307692307692,51.936764302177664
2025-12-11,68.26261764,54.08163265306123,76.88098495212039,16.82626538987688,7.523939808481527,33.378932968536255,76.92307692307692,47.6967786193076
2025-12-12,71.20100451,58.16326530612245,91.51846785225717,3.830369357045149,12.17510259917921,74.55540355677155,76.92307692307692,55.480955729207494
2025-12-15,64.11194055,52.04081632653062,73.05061559507524,31.326949384404923,8.207934336525312,36.11491108071135,76.92307692307692,48.82517774233205
2025-12-16,57.32123219,48.97959183673469,53.76196990424077,8.891928864569088,6.292749658002739,50.341997264021884,76.92307692307692,43.21607809152086
2025-12-17,61.91539222,53.06122448979591,54.44596443228454,11.627906976744185,8.618331053351568,70.99863201094392,76.92307692307692,48.22721830088529
2025-12-18,57.9743337,48.97959183673469,69.49384404924761,37.2093023255814,6.976744186046513,41.860465116279066,76.92307692307692,48.4881940195666
2025-12-19,58.63738021,52.04081632653062,59.097127222982216,11.08071135430917,7.797537619699046,79.48016415868673,76.92307692307692,49.29383054504068
2025-12-22,64.76454153,54.08163265306123,65.5266757865937,9.165526675786595,7.934336525307795,88.50889192886457,76.92307692307692,52.41495457467011
2025-12-23,63.70221094,48.351648351648365,59.23392612859097,12.311901504787958,9.165526675786595,87.82489740082079,76.92307692307692,51.07331256067308
2025-12-24,62.7248258,46.15384615384616,45.690834473324216,9.302325581395355,9.57592339261286,76.1969904240766,76.92307692307692,46.65254610690459
2025-12-26,64.94804432,46.15384615384616,49.11080711354309,45.00683994528044,9.028727770177836,75.9233926128591,76.92307692307692,52.44210497696907
2025-12-29,71.90066541,51.64835164835166,70.31463748290014,27.222982216142267,7.38714090287278,90.01367989056087,76.92307692307692,56.4872192105578
2025-12-30,71.28083875,49.45054945054945,67.30506155950752,72.09302325581395,6.019151846785231,89.74008207934337,76.92307692307692,61.83025483786806
